license_number,business_dba_name,id,license_type,LicenseStatus,premise_county,licensing_authority_id,licensing_authority,license_designation,premise_state,license_status_date,license_term,issue_date,expiration_date,business_legal_name,business_owner_name,business_structure,business_email,activity,parcel_number,business_image_url,business_phone,business_website,data_refreshed_date
00170400460138702033,Circle S Farms Llc,00170400460138702033,Retail Dispensary,Active,Clark,NVCCB,Nevada Cannabis Compliance Board,Adult-Use,NV,,,,,CIRCLE S FARMS LLC,,,,,,,,,2024-07-10
00604441635504697108,Tgig Llc,00604441635504697108,Retail Distributor,Active,Clark,NVCCB,Nevada Cannabis Compliance Board,Adult-Use,NV,,,,,TGIG LLC,,,,,,,,,2024-07-10
01192029321013008399,Mr H Las Vegas Llc,01192029321013008399,Retail Cultivation,Non-Operational,Clark,NVCCB,Nevada Cannabis Compliance Board,Adult-Use,NV,,,,,MR H LAS VEGAS LLC,,,,,,,,,2024-07-10
01359449685112111637,Cr/P Las Vegas Llc,01359449685112111637,Retail Dispensary,Active,Clark,NVCCB,Nevada Cannabis Compliance Board,Adult-Use,NV,,,,,CR/P LAS VEGAS LLC,,,,,,,,,2024-07-10
01458092845320057986,Silver State Wellness Llc,01458092845320057986,Medical Cultivation,Non-Operational,Clark,NVCCB,Nevada Cannabis Compliance Board,Adult-Use,NV,,,,,SILVER STATE WELLNESS LLC,,,,,,,,,2024-07-10
01497745593520335574,Jdw Nevada Llc,01497745593520335574,Retail Production,Non-Operational,Clark,NVCCB,Nevada Cannabis Compliance Board,Adult-Use,NV,,,,,JDW NEVADA LLC,,,,,,,,,2024-07-10
01653343486142530020,Wellness Connection Of Nevada Llc,01653343486142530020,Retail Dispensary,Active,Clark,NVCCB,Nevada Cannabis Compliance Board,Adult-Use,NV,,,,,WELLNESS CONNECTION OF NEVADA LLC,,,,,,,,,2024-07-10
01696915226901375362,Picksy Reno Llc,01696915226901375362,Retail Dispensary,Active,Washoe,NVCCB,Nevada Cannabis Compliance Board,Adult-Use,NV,,,,,PICKSY RENO LLC,,,,,,,,,2024-07-10
01705109046761827904,Nevcann Llc,01705109046761827904,Medical Cultivation,Non-Operational,Clark,NVCCB,Nevada Cannabis Compliance Board,Adult-Use,NV,,,,,NEVCANN LLC,,,,,,,,,2024-07-10
01737633649552254158,Greenway Medical Llc,01737633649552254158,Retail Distributor,Active,Clark,NVCCB,Nevada Cannabis Compliance Board,Adult-Use,NV,,,,,GREENWAY MEDICAL LLC,,,,,,,,,2024-07-10
02301531072727181049,Agua Street Llc,02301531072727181049,Retail Production,Active,Clark,NVCCB,Nevada Cannabis Compliance Board,Adult-Use,NV,,,,,AGUA STREET LLC,,,,,,,,,2024-07-10
02322843247473154082,Nevada Pure Llc,02322843247473154082,Retail Production,Active,Clark,NVCCB,Nevada Cannabis Compliance Board,Adult-Use,NV,,,,,NEVADA PURE LLC,,,,,,,,,2024-07-10
02411041046250902247,Washoe Dispensary Llc,02411041046250902247,Retail Dispensary,Active,Washoe,NVCCB,Nevada Cannabis Compliance Board,Adult-Use,NV,,,,,WASHOE DISPENSARY LLC,,,,,,,,,2024-07-10
02442594142801376733,Libra Wellness Center Llc,02442594142801376733,Medical Cultivation,Non-Operational,Clark,NVCCB,Nevada Cannabis Compliance Board,Adult-Use,NV,,,,,LIBRA WELLNESS CENTER LLC,,,,,,,,,2024-07-10
02685010272987196695,Clear River Llc,02685010272987196695,Retail Cultivation,Active,Clark,NVCCB,Nevada Cannabis Compliance Board,Adult-Use,NV,,,,,CLEAR RIVER LLC,,,,,,,,,2024-07-10
02959703688458604031,Ncmm Llc,02959703688458604031,Retail Cultivation,Active,Nye,NVCCB,Nevada Cannabis Compliance Board,Adult-Use,NV,,,,,NCMM LLC,,,,,,,,,2024-07-10
03137125388697415604,Green Therapeutics Llc,03137125388697415604,Retail Distributor,Active,Clark,NVCCB,Nevada Cannabis Compliance Board,Adult-Use,NV,,,,,GREEN THERAPEUTICS LLC,,,,,,,,,2024-07-10
03310174034843985324,Floret Nevada Llc,03310174034843985324,Retail Distributor,Non-Operational,Washoe,NVCCB,Nevada Cannabis Compliance Board,Adult-Use,NV,,,,,FLORET NEVADA LLC,,,,,,,,,2024-07-10
03595374519108477279,Greenpoint Nevada Inc,03595374519108477279,Retail Production,Non-Operational,Washoe,NVCCB,Nevada Cannabis Compliance Board,Adult-Use,NV,,,,,GREENPOINT NEVADA INC,,,,,,,,,2024-07-10
03736631201004083296,V6E Holdings Inc,03736631201004083296,Medical Cultivation,Non-Operational,Clark,NVCCB,Nevada Cannabis Compliance Board,Adult-Use,NV,,,,,V6E HOLDINGS INC,,,,,,,,,2024-07-10
04045523128584413069,Mmof Vegas Retail Inc,04045523128584413069,Retail Dispensary,Active,Clark,NVCCB,Nevada Cannabis Compliance Board,Adult-Use,NV,,,,,MMOF VEGAS RETAIL INC,,,,,,,,,2024-07-10
04054268305722414317,Cheyenne Medical Elko Rd267 Llc,04054268305722414317,Retail Dispensary,Active,Elko,NVCCB,Nevada Cannabis Compliance Board,Adult-Use,NV,,,,,CHEYENNE MEDICAL ELKO RD267 LLC,,,,,,,,,2024-07-10
04624179906329237338,Acres Dispensary Llc,04624179906329237338,Medical Dispensary,Non-Operational,White Pine,NVCCB,Nevada Cannabis Compliance Board,Adult-Use,NV,,,,,ACRES DISPENSARY LLC,,,,,,,,,2024-07-10
04816345591321160151,Twelve Twelve Llc,04816345591321160151,Medical Cultivation,Non-Operational,Clark,NVCCB,Nevada Cannabis Compliance Board,Adult-Use,NV,,,,,TWELVE TWELVE LLC,,,,,,,,,2024-07-10
04850532340024898157,Range Brands Llc,04850532340024898157,Retail Cultivation,Non-Operational,Clark,NVCCB,Nevada Cannabis Compliance Board,Adult-Use,NV,,,,,RANGE BRANDS LLC,,,,,,,,,2024-07-10
05190167691119502478,Mm Development Company Inc,05190167691119502478,Retail Production,Active,Clark,NVCCB,Nevada Cannabis Compliance Board,Adult-Use,NV,,,,,MM DEVELOPMENT COMPANY INC,,,,,,,,,2024-07-10
05439548708602328194,Mbnv Gt Llc,05439548708602328194,Retail Production,Active,Clark,NVCCB,Nevada Cannabis Compliance Board,Adult-Use,NV,,,,,MBNV GT LLC,,,,,,,,,2024-07-10
05913170220874047306,Euphoria Wellness Llc,05913170220874047306,Retail Cultivation,Active,Clark,NVCCB,Nevada Cannabis Compliance Board,Adult-Use,NV,,,,,EUPHORIA WELLNESS LLC,,,,,,,,,2024-07-10
05968501646207148140,Eaker Operating Llc,05968501646207148140,Medical Production,Non-Operational,Clark,NVCCB,Nevada Cannabis Compliance Board,Adult-Use,NV,,,,,EAKER OPERATING LLC,,,,,,,,,2024-07-10
06073658143877524618,Greenmart Of Nevada Llc,06073658143877524618,Retail Cultivation,Non-Operational,Clark,NVCCB,Nevada Cannabis Compliance Board,Adult-Use,NV,,,,,GREENMART OF NEVADA LLC,,,,,,,,,2024-07-10
06179984770837282920,Silver State Cultivation Llc,06179984770837282920,Retail Production,Active,Washoe,NVCCB,Nevada Cannabis Compliance Board,Adult-Use,NV,,,,,SILVER STATE CULTIVATION LLC,,,,,,,,,2024-07-10
06231235891852444163,Emk Hydrogarden Llc,06231235891852444163,Medical Cultivation,Non-Operational,Clark,NVCCB,Nevada Cannabis Compliance Board,Adult-Use,NV,,,,,EMK HYDROGARDEN LLC,,,,,,,,,2024-07-10
06347213896566425206,Integral Associates Llc,06347213896566425206,Retail Dispensary,Active,Clark,NVCCB,Nevada Cannabis Compliance Board,Adult-Use,NV,,,,,INTEGRAL ASSOCIATES LLC,,,,,,,,,2024-07-10
07154062603138326198,Healthcare Options For Patients Enterprises Llc,07154062603138326198,Retail Cultivation,Active,Clark,NVCCB,Nevada Cannabis Compliance Board,Adult-Use,NV,,,,,HEALTHCARE OPTIONS FOR PATIENTS ENTERPRISES LLC,,,,,,,,,2024-07-10
07214141470882695436,Lvig Holdings Llc,07214141470882695436,Retail Cultivation,Active,Clark,NVCCB,Nevada Cannabis Compliance Board,Adult-Use,NV,,,,,LVIG HOLDINGS LLC,,,,,,,,,2024-07-10
07614508649058338463,Greenleaf Production Inc,07614508649058338463,Retail Production,Active,Washoe,NVCCB,Nevada Cannabis Compliance Board,Adult-Use,NV,,,,,GREENLEAF PRODUCTION INC,,,,,,,,,2024-07-10
07617999699850287687,Carson City Agency Solutions Llc,07617999699850287687,Retail Distributor,Active,Carson City,NVCCB,Nevada Cannabis Compliance Board,Adult-Use,NV,,,,,CARSON CITY AGENCY SOLUTIONS LLC,,,,,,,,,2024-07-10
07716430045859597948,Clear River Llc,07716430045859597948,Retail Dispensary,Active,Clark,NVCCB,Nevada Cannabis Compliance Board,Adult-Use,NV,,,,,CLEAR RIVER LLC,,,,,,,,,2024-07-10
07793712489874595708,Mj Distributing P133 Llc,07793712489874595708,Retail Production,Active,Nye,NVCCB,Nevada Cannabis Compliance Board,Adult-Use,NV,,,,,MJ DISTRIBUTING P133 LLC,,,,,,,,,2024-07-10
07912568590104527553,Tgnv Llc,07912568590104527553,Retail Cultivation,Active,Washoe,NVCCB,Nevada Cannabis Compliance Board,Adult-Use,NV,,,,,TGNV LLC,,,,,,,,,2024-07-10
08162604527632298682,Csnlv Llc,08162604527632298682,Retail Cultivation,Active,Clark,NVCCB,Nevada Cannabis Compliance Board,Adult-Use,NV,,,,,CSNLV LLC,,,,,,,,,2024-07-10
08300436904530710396,Nv Green Inc,08300436904530710396,Retail Production,Active,Washoe,NVCCB,Nevada Cannabis Compliance Board,Adult-Use,NV,,,,,NV GREEN INC,,,,,,,,,2024-07-10
08397135597394271337,West118 Investments Llc,08397135597394271337,Medical Production,Non-Operational,Lyon,NVCCB,Nevada Cannabis Compliance Board,Adult-Use,NV,,,,,WEST118 INVESTMENTS LLC,,,,,,,,,2024-07-10
08487688474890863372,Wscc Inc,08487688474890863372,Retail Dispensary,Active,Carson City,NVCCB,Nevada Cannabis Compliance Board,Adult-Use,NV,,,,,WSCC INC,,,,,,,,,2024-07-10
08542800532746610043,Ssac Corporation,08542800532746610043,Retail Production,Active,Washoe,NVCCB,Nevada Cannabis Compliance Board,Adult-Use,NV,,,,,SSAC CORPORATION,,,,,,,,,2024-07-10
08792343110299625005,Livfree Wellness Llc A Nevada Limited Liability Company,08792343110299625005,Retail Dispensary,Active,Clark,NVCCB,Nevada Cannabis Compliance Board,Adult-Use,NV,,,,,LIVFREE WELLNESS LLC A NEVADA LIMITED LIABILITY COMPANY,,,,,,,,,2024-07-10
09127772901374202190,Nuleaf Sparks Cultivation Llc,09127772901374202190,Retail Cultivation,Active,Washoe,NVCCB,Nevada Cannabis Compliance Board,Adult-Use,NV,,,,,NULEAF SPARKS CULTIVATION LLC,,,,,,,,,2024-07-10
09259278323384314999,Greenleaf Enterprises Inc,09259278323384314999,Retail Cultivation,Active,Washoe,NVCCB,Nevada Cannabis Compliance Board,Adult-Use,NV,,,,,GREENLEAF ENTERPRISES INC,,,,,,,,,2024-07-10
09271842370730937488,Essence Henderson Llc,09271842370730937488,Retail Dispensary,Active,Clark,NVCCB,Nevada Cannabis Compliance Board,Adult-Use,NV,,,,,ESSENCE HENDERSON LLC,,,,,,,,,2024-07-10
09485024341050013930,Rombough Real Estate Inc,09485024341050013930,Medical Cultivation,Non-Operational,Clark,NVCCB,Nevada Cannabis Compliance Board,Adult-Use,NV,,,,,ROMBOUGH REAL ESTATE INC,,,,,,,,,2024-07-10
10157851668078035933,High Sierra Holistics Llc,10157851668078035933,Retail Cultivation,Active,Washoe,NVCCB,Nevada Cannabis Compliance Board,Adult-Use,NV,,,,,HIGH SIERRA HOLISTICS LLC,,,,,,,,,2024-07-10
10204272765771786596,Greenway Health Community Llc,10204272765771786596,Retail Production,Active,Clark,NVCCB,Nevada Cannabis Compliance Board,Adult-Use,NV,,,,,GREENWAY HEALTH COMMUNITY LLC,,,,,,,,,2024-07-10
10340862547948454764,Naturex Llc,10340862547948454764,Retail Dispensary,Active,Clark,NVCCB,Nevada Cannabis Compliance Board,Adult-Use,NV,,,,,NATUREX LLC,,,,,,,,,2024-07-10
10390116224938552959,Unifern Llc,10390116224938552959,Retail Production,Active,Clark,NVCCB,Nevada Cannabis Compliance Board,Adult-Use,NV,,,,,UNIFERN LLC,,,,,,,,,2024-07-10
10899841596112495650,Mm R & D Llc,10899841596112495650,Medical Dispensary,Active,Churchill,NVCCB,Nevada Cannabis Compliance Board,Adult-Use,NV,,,,,MM R & D LLC,,,,,,,,,2024-07-10
10982097214978528659,Cn Licensco Iii Inc,10982097214978528659,Retail Cultivation,Non-Operational,Clark,NVCCB,Nevada Cannabis Compliance Board,Adult-Use,NV,,,,,CN LICENSCO III INC,,,,,,,,,2024-07-10
11023162879454781073,Unifern Llc,11023162879454781073,Medical Production,Active,Clark,NVCCB,Nevada Cannabis Compliance Board,Adult-Use,NV,,,,,UNIFERN LLC,,,,,,,,,2024-07-10
11058209030610809158,Acres Medical Llc,11058209030610809158,Retail Dispensary,Active,Clark,NVCCB,Nevada Cannabis Compliance Board,Adult-Use,NV,,,,,ACRES MEDICAL LLC,,,,,,,,,2024-07-10
11272007909136750453,Nye Farm Tech Ltd,11272007909136750453,Retail Cultivation,Active,Nye,NVCCB,Nevada Cannabis Compliance Board,Adult-Use,NV,,,,,NYE FARM TECH LTD,,,,,,,,,2024-07-10
11443721033142554219,Silver State Relief Llc,11443721033142554219,Retail Dispensary,Active,Washoe,NVCCB,Nevada Cannabis Compliance Board,Adult-Use,NV,,,,,SILVER STATE RELIEF LLC,,,,,,,,,2024-07-10
11679863451946958412,Greenmart Of Nevada Nlv Llc,11679863451946958412,Retail Dispensary,Active,Clark,NVCCB,Nevada Cannabis Compliance Board,Adult-Use,NV,,,,,GREENMART OF NEVADA NLV LLC,,,,,,,,,2024-07-10
12860017177223316229,Gb Sciences Nevada Llc,12860017177223316229,Retail Cultivation,Active,Clark,NVCCB,Nevada Cannabis Compliance Board,Adult-Use,NV,,,,,GB SCIENCES NEVADA LLC,,,,,,,,,2024-07-10
13109494552101077982,Natural Medicine Llc,13109494552101077982,Retail Production,Active,Clark,NVCCB,Nevada Cannabis Compliance Board,Adult-Use,NV,,,,,NATURAL MEDICINE LLC,,,,,,,,,2024-07-10
13244303247046007918,Lemon Aide Llc,13244303247046007918,Retail Dispensary,Active,Washoe,NVCCB,Nevada Cannabis Compliance Board,Adult-Use,NV,,,,,LEMON AIDE LLC,,,,,,,,,2024-07-10
13351121953140240442,Mm Development Company Inc,13351121953140240442,Retail Production,Active,Clark,NVCCB,Nevada Cannabis Compliance Board,Adult-Use,NV,,,,,MM DEVELOPMENT COMPANY INC,,,,,,,,,2024-07-10
13858476118270787452,Urban Hills Llc,13858476118270787452,Retail Cultivation,Active,Washoe,NVCCB,Nevada Cannabis Compliance Board,Adult-Use,NV,,,,,URBAN HILLS LLC,,,,,,,,,2024-07-10
13932286413907255774,Nevada Organic Remedies Llc,13932286413907255774,Retail Dispensary,Active,Clark,NVCCB,Nevada Cannabis Compliance Board,Adult-Use,NV,,,,,NEVADA ORGANIC REMEDIES LLC,,,,,,,,,2024-07-10
14023272993797946504,Lone Mountain Partners Llc,14023272993797946504,Retail Distributor,Active,Clark,NVCCB,Nevada Cannabis Compliance Board,Adult-Use,NV,,,,,LONE MOUNTAIN PARTNERS LLC,,,,,,,,,2024-07-10
14194022211467850983,Commerce Park Medical Cactus Rd329 Llc,14194022211467850983,Retail Dispensary,Active,Clark,NVCCB,Nevada Cannabis Compliance Board,Adult-Use,NV,,,,,COMMERCE PARK MEDICAL CACTUS RD329 LLC,,,,,,,,,2024-07-10
14387723470413703993,Gravitas Nevada Ltd,14387723470413703993,Retail Distributor,Non-Operational,Clark,NVCCB,Nevada Cannabis Compliance Board,Adult-Use,NV,,,,,GRAVITAS NEVADA LTD,,,,,,,,,2024-07-10
14501073281263752947,Cclv Manufacturing Center Llc,14501073281263752947,Retail Cultivation,Active,Clark,NVCCB,Nevada Cannabis Compliance Board,Adult-Use,NV,,,,,CCLV MANUFACTURING CENTER LLC,,,,,,,,,2024-07-10
14504799651148975256,Livfree Wellness Llc A Nevada Limited Liability Company,14504799651148975256,Retail Distributor,Active,Clark,NVCCB,Nevada Cannabis Compliance Board,Adult-Use,NV,,,,,LIVFREE WELLNESS LLC A NEVADA LIMITED LIABILITY COMPANY,,,,,,,,,2024-07-10
14864731709040080608,Tryke Companies Reno Llc,14864731709040080608,Retail Dispensary,Active,Washoe,NVCCB,Nevada Cannabis Compliance Board,Adult-Use,NV,,,,,TRYKE COMPANIES RENO LLC,,,,,,,,,2024-07-10
15066280419696569275,Tahoe Hydroponics Company Llc,15066280419696569275,Retail Cultivation,Active,Carson City,NVCCB,Nevada Cannabis Compliance Board,Adult-Use,NV,,,,,TAHOE HYDROPONICS COMPANY LLC,,,,,,,,,2024-07-10
15398675340409721326,Div Holdings Llc,15398675340409721326,Retail Dispensary,Active,Clark,NVCCB,Nevada Cannabis Compliance Board,Adult-Use,NV,,,,,DIV HOLDINGS LLC,,,,,,,,,2024-07-10
15464995890053145809,Essence Tropicana Llc,15464995890053145809,Retail Dispensary,Active,Clark,NVCCB,Nevada Cannabis Compliance Board,Adult-Use,NV,,,,,ESSENCE TROPICANA LLC,,,,,,,,,2024-07-10
15500198984289437898,H & K Growers Corp,15500198984289437898,Medical Cultivation,Non-Operational,Elko,NVCCB,Nevada Cannabis Compliance Board,Adult-Use,NV,,,,,H & K GROWERS CORP,,,,,,,,,2024-07-10
15555721623971178599,Lvop Holdings Llc,15555721623971178599,Retail Production,Active,Clark,NVCCB,Nevada Cannabis Compliance Board,Adult-Use,NV,,,,,LVOP HOLDINGS LLC,,,,,,,,,2024-07-10
15677890458261123314,Nuleaf Sparks Cultivation Llc,15677890458261123314,Medical Cultivation,Non-Operational,Washoe,NVCCB,Nevada Cannabis Compliance Board,Adult-Use,NV,,,,,NULEAF SPARKS CULTIVATION LLC,,,,,,,,,2024-07-10
15683084663955616276,Qualcan Llc,15683084663955616276,Retail Production,Active,Clark,NVCCB,Nevada Cannabis Compliance Board,Adult-Use,NV,,,,,QUALCAN LLC,,,,,,,,,2024-07-10
16124351110339961847,Greenleaf Enterprises Inc,16124351110339961847,Retail Distributor,Active,Washoe,NVCCB,Nevada Cannabis Compliance Board,Adult-Use,NV,,,,,GREENLEAF ENTERPRISES INC,,,,,,,,,2024-07-10
17334914845519714402,Ssac Corporation,17334914845519714402,Retail Cultivation,Active,Washoe,NVCCB,Nevada Cannabis Compliance Board,Adult-Use,NV,,,,,SSAC CORPORATION,,,,,,,,,2024-07-10
17355802525954961447,Gti Nevada Llc,17355802525954961447,Retail Cultivation,Active,Carson City,NVCCB,Nevada Cannabis Compliance Board,Adult-Use,NV,,,,,GTI NEVADA LLC,,,,,,,,,2024-07-10
17456701400872901775,Deep Roots Harvest Inc.,17456701400872901775,Retail Production,Active,Clark,NVCCB,Nevada Cannabis Compliance Board,Adult-Use,NV,,,,,DEEP ROOTS HARVEST INC.,,,,,,,,,2024-07-10
17467707413107632038,Libra Wellness Center Llc,17467707413107632038,Retail Cultivation,Active,Clark,NVCCB,Nevada Cannabis Compliance Board,Adult-Use,NV,,,,,LIBRA WELLNESS CENTER LLC,,,,,,,,,2024-07-10
17755737390295686365,Mm Development Company Inc,17755737390295686365,Retail Cultivation,Active,Clark,NVCCB,Nevada Cannabis Compliance Board,Adult-Use,NV,,,,,MM DEVELOPMENT COMPANY INC,,,,,,,,,2024-07-10
17757785646300938968,Blossum Group,17757785646300938968,Retail Production,Active,Clark,NVCCB,Nevada Cannabis Compliance Board,Adult-Use,NV,,,,,BLOSSUM GROUP,,,,,,,,,2024-07-10
17893663152257070537,Lander Leaf Growers Llc,17893663152257070537,Retail Cultivation,Non-Operational,Lander,NVCCB,Nevada Cannabis Compliance Board,Adult-Use,NV,,,,,LANDER LEAF GROWERS LLC,,,,,,,,,2024-07-10
18482416987753786163,Essence Henderson Llc,18482416987753786163,Retail Dispensary,Active,Clark,NVCCB,Nevada Cannabis Compliance Board,Adult-Use,NV,,,,,ESSENCE HENDERSON LLC,,,,,,,,,2024-07-10
19066445888733574338,Mj Distributing C201 Llc,19066445888733574338,Retail Cultivation,Active,Lincoln,NVCCB,Nevada Cannabis Compliance Board,Adult-Use,NV,,,,,MJ DISTRIBUTING C201 LLC,,,,,,,,,2024-07-10
19153202036386051786,Silver Sage Wellness Llc,19153202036386051786,Retail Cultivation,Active,Clark,NVCCB,Nevada Cannabis Compliance Board,Adult-Use,NV,,,,,SILVER SAGE WELLNESS LLC,,,,,,,,,2024-07-10
19341969601994942557,Holistic Approach Cultivation Llc,19341969601994942557,Retail Cultivation,Non-Operational,Washoe,NVCCB,Nevada Cannabis Compliance Board,Adult-Use,NV,,,,,HOLISTIC APPROACH CULTIVATION LLC,,,,,,,,,2024-07-10
19619496668049413129,Tgig Llc,19619496668049413129,Retail Dispensary,Active,Clark,NVCCB,Nevada Cannabis Compliance Board,Adult-Use,NV,,,,,TGIG LLC,,,,,,,,,2024-07-10
19737703505385233285,Southern Nevada Growers Llc,19737703505385233285,Retail Cultivation,Active,Clark,NVCCB,Nevada Cannabis Compliance Board,Adult-Use,NV,,,,,SOUTHERN NEVADA GROWERS LLC,,,,,,,,,2024-07-10
19873661470522818141,Essence Henderson Llc,19873661470522818141,Retail Dispensary,Active,Clark,NVCCB,Nevada Cannabis Compliance Board,Adult-Use,NV,,,,,ESSENCE HENDERSON LLC,,,,,,,,,2024-07-10
19904908334190096788,Diversified Modalities Marketing Ltd,19904908334190096788,Medical Cultivation,Non-Operational,Clark,NVCCB,Nevada Cannabis Compliance Board,Adult-Use,NV,,,,,DIVERSIFIED MODALITIES MARKETING LTD,,,,,,,,,2024-07-10
20833618692863727137,Nevada Medical Group Llc,20833618692863727137,Retail Production,Active,Clark,NVCCB,Nevada Cannabis Compliance Board,Adult-Use,NV,,,,,NEVADA MEDICAL GROUP LLC,,,,,,,,,2024-07-10
20856188563796491040,Tahoe-Reno Botanicals Llc,20856188563796491040,Retail Cultivation,Active,Washoe,NVCCB,Nevada Cannabis Compliance Board,Adult-Use,NV,,,,,TAHOE-RENO BOTANICALS LLC,,,,,,,,,2024-07-10
21012999822242883351,Tryke Companies So Nv Llc,21012999822242883351,Retail Dispensary,Active,Clark,NVCCB,Nevada Cannabis Compliance Board,Adult-Use,NV,,,,,TRYKE COMPANIES SO NV LLC,,,,,,,,,2024-07-10
21647298952036123142,Gbs Nevada Partners Llc,21647298952036123142,Retail Dispensary,Active,Clark,NVCCB,Nevada Cannabis Compliance Board,Adult-Use,NV,,,,,GBS NEVADA PARTNERS LLC,,,,,,,,,2024-07-10
21781007495292162943,Focus Distribution Llc,21781007495292162943,Retail Distributor,Active,Clark,NVCCB,Nevada Cannabis Compliance Board,Adult-Use,NV,,,,,FOCUS DISTRIBUTION LLC,,,,,,,,,2024-07-10
22741245849235539745,Cn Licensco Iii Inc,22741245849235539745,Retail Production,Non-Operational,Clark,NVCCB,Nevada Cannabis Compliance Board,Adult-Use,NV,,,,,CN LICENSCO III INC,,,,,,,,,2024-07-10
22897076676795690110,Agua Street Llc,22897076676795690110,Retail Cultivation,Active,Clark,NVCCB,Nevada Cannabis Compliance Board,Adult-Use,NV,,,,,AGUA STREET LLC,,,,,,,,,2024-07-10
23003643426806888206,Ded Ops Nv Llc,23003643426806888206,Retail Dispensary,Active,Clark,NVCCB,Nevada Cannabis Compliance Board,Adult-Use,NV,,,,,DED OPS NV LLC,,,,,,,,,2024-07-10
23318360480667209895,The Cure Company Nv Llc,23318360480667209895,Retail Cultivation,Non-Operational,Clark,NVCCB,Nevada Cannabis Compliance Board,Adult-Use,NV,,,,,THE CURE COMPANY NV LLC,,,,,,,,,2024-07-10
23366229281756137118,"Production Series, A Series Of Just Quality Llc",23366229281756137118,Retail Production,Active,Clark,NVCCB,Nevada Cannabis Compliance Board,Adult-Use,NV,,,,,"Production Series, a series of JUST QUALITY LLC",,,,,,,,,2024-07-10
23926610187861506378,Good Chemistry Nevada Llc,23926610187861506378,Retail Cultivation,Non-Operational,Washoe,NVCCB,Nevada Cannabis Compliance Board,Adult-Use,NV,,,,,GOOD CHEMISTRY NEVADA LLC,,,,,,,,,2024-07-10
24170469501580671157,Pure Tonic Concentrates Llc,24170469501580671157,Retail Dispensary,Active,Storey,NVCCB,Nevada Cannabis Compliance Board,Adult-Use,NV,,,,,PURE TONIC CONCENTRATES LLC,,,,,,,,,2024-07-10
24344359150856320396,Inyo Fine Cannabis Dispensary Llc,24344359150856320396,Retail Dispensary,Active,Clark,NVCCB,Nevada Cannabis Compliance Board,Adult-Use,NV,,,,,INYO FINE CANNABIS DISPENSARY LLC,,,,,,,,,2024-07-10
24665787413575467233,Zion Gardens Llc,24665787413575467233,Retail Cultivation,Active,Clark,NVCCB,Nevada Cannabis Compliance Board,Adult-Use,NV,,,,,ZION GARDENS LLC,,,,,,,,,2024-07-10
24840464563491081056,Southern Nevada Growers Llc,24840464563491081056,Retail Distributor,Active,Clark,NVCCB,Nevada Cannabis Compliance Board,Adult-Use,NV,,,,,SOUTHERN NEVADA GROWERS LLC,,,,,,,,,2024-07-10
25048214491375101482,Nevada Holistic Medicine Llc,25048214491375101482,Retail Cultivation,Active,Clark,NVCCB,Nevada Cannabis Compliance Board,Adult-Use,NV,,,,,NEVADA HOLISTIC MEDICINE LLC,,,,,,,,,2024-07-10
25343951714103210330,Deep Roots Harvest Inc.,25343951714103210330,Retail Dispensary,Active,Clark,NVCCB,Nevada Cannabis Compliance Board,Adult-Use,NV,,,,,DEEP ROOTS HARVEST INC.,,,,,,,,,2024-07-10
25479019250915807897,Trnvc151 Llc,25479019250915807897,Medical Cultivation,Non-Operational,Clark,NVCCB,Nevada Cannabis Compliance Board,Adult-Use,NV,,,,,TRNVC151 LLC,,,,,,,,,2024-07-10
25727587576265739387,Acres Cultivation Llc,25727587576265739387,Medical Cultivation,Non-Operational,Nye,NVCCB,Nevada Cannabis Compliance Board,Adult-Use,NV,,,,,ACRES CULTIVATION LLC,,,,,,,,,2024-07-10
25729455103203031356,Desert Aire Wellness Llc,25729455103203031356,Retail Dispensary,Active,Clark,NVCCB,Nevada Cannabis Compliance Board,Adult-Use,NV,,,,,DESERT AIRE WELLNESS LLC,,,,,,,,,2024-07-10
25747995029047849072,Cn Licensco Iii Inc,25747995029047849072,Medical Production,Non-Operational,Clark,NVCCB,Nevada Cannabis Compliance Board,Adult-Use,NV,,,,,CN LICENSCO III INC,,,,,,,,,2024-07-10
26250804960170746721,Exhale Brands Nevada Llc,26250804960170746721,Medical Production,Non-Operational,Clark,NVCCB,Nevada Cannabis Compliance Board,Adult-Use,NV,,,,,EXHALE BRANDS NEVADA LLC,,,,,,,,,2024-07-10
26350357643788588948,Red Earth Llc,26350357643788588948,Retail Cultivation,Non-Operational,Clark,NVCCB,Nevada Cannabis Compliance Board,Adult-Use,NV,,,,,RED EARTH LLC,,,,,,,,,2024-07-10
26849340152215972256,Essence Tropicana Llc,26849340152215972256,Retail Dispensary,Active,Washoe,NVCCB,Nevada Cannabis Compliance Board,Adult-Use,NV,,,,,ESSENCE TROPICANA LLC,,,,,,,,,2024-07-10
27187373761322173842,Picksy Reno Llc,27187373761322173842,Medical Dispensary,Non-Operational,Washoe,NVCCB,Nevada Cannabis Compliance Board,Adult-Use,NV,,,,,PICKSY RENO LLC,,,,,,,,,2024-07-10
27764211258972498624,Clear River Llc,27764211258972498624,Retail Dispensary,Active,Clark,NVCCB,Nevada Cannabis Compliance Board,Adult-Use,NV,,,,,CLEAR RIVER LLC,,,,,,,,,2024-07-10
27870466259713738680,Fidelis Holdings Llc,27870466259713738680,Retail Cultivation,Active,Clark,NVCCB,Nevada Cannabis Compliance Board,Adult-Use,NV,,,,,FIDELIS HOLDINGS LLC,,,,,,,,,2024-07-10
28269186214535692829,Csnlv Llc,28269186214535692829,Retail Production,Active,Clark,NVCCB,Nevada Cannabis Compliance Board,Adult-Use,NV,,,,,CSNLV LLC,,,,,,,,,2024-07-10
28332017443877189253,Tgnv Llc,28332017443877189253,Retail Production,Active,Washoe,NVCCB,Nevada Cannabis Compliance Board,Adult-Use,NV,,,,,TGNV LLC,,,,,,,,,2024-07-10
28476312257204037070,Exhale Brands Nevada Llc,28476312257204037070,Retail Dispensary,Active,Clark,NVCCB,Nevada Cannabis Compliance Board,Adult-Use,NV,,,,,EXHALE BRANDS NEVADA LLC,,,,,,,,,2024-07-10
28729875179355972226,Nevada Group Wellness,28729875179355972226,Retail Cultivation,Active,Clark,NVCCB,Nevada Cannabis Compliance Board,Adult-Use,NV,,,,,NEVADA GROUP WELLNESS,,,,,,,,,2024-07-10
28778114311315160635,Deep Roots Harvest Inc.,28778114311315160635,Retail Dispensary,Active,Elko,NVCCB,Nevada Cannabis Compliance Board,Adult-Use,NV,,,,,DEEP ROOTS HARVEST INC.,,,,,,,,,2024-07-10
29097337938755289535,Mbnv Distribution T050 Llc,29097337938755289535,Retail Distributor,Active,Clark,NVCCB,Nevada Cannabis Compliance Board,Adult-Use,NV,,,,,MBNV DISTRIBUTION T050 LLC,,,,,,,,,2024-07-10
29101803441227387589,Nevada Natural Medicines Llc,29101803441227387589,Retail Cultivation,Non-Operational,Nye,NVCCB,Nevada Cannabis Compliance Board,Adult-Use,NV,,,,,NEVADA NATURAL MEDICINES LLC,,,,,,,,,2024-07-10
29207558783745359680,Acres Cultivation Llc,29207558783745359680,Medical Production,Non-Operational,Nye,NVCCB,Nevada Cannabis Compliance Board,Adult-Use,NV,,,,,ACRES CULTIVATION LLC,,,,,,,,,2024-07-10
29537654627576657070,Clover Creek Organics Llc,29537654627576657070,Retail Production,Active,Lincoln,NVCCB,Nevada Cannabis Compliance Board,Adult-Use,NV,,,,,CLOVER CREEK ORGANICS LLC,,,,,,,,,2024-07-10
29717689414536890016,Tryke Companies So Nv Llc,29717689414536890016,Retail Cultivation,Active,Clark,NVCCB,Nevada Cannabis Compliance Board,Adult-Use,NV,,,,,TRYKE COMPANIES SO NV LLC,,,,,,,,,2024-07-10
30014095193109877690,Greenpoint Nevada Inc,30014095193109877690,Medical Production,Non-Operational,Washoe,NVCCB,Nevada Cannabis Compliance Board,Adult-Use,NV,,,,,GREENPOINT NEVADA INC,,,,,,,,,2024-07-10
30119351751785994439,Silver State Wellness Llc,30119351751785994439,Medical Production,Non-Operational,Clark,NVCCB,Nevada Cannabis Compliance Board,Adult-Use,NV,,,,,SILVER STATE WELLNESS LLC,,,,,,,,,2024-07-10
30364928071399411961,Helping Hands Wellness Center Inc,30364928071399411961,Retail Cultivation,Active,Clark,NVCCB,Nevada Cannabis Compliance Board,Adult-Use,NV,,,,,HELPING HANDS WELLNESS CENTER INC,,,,,,,,,2024-07-10
30641754921357655197,Greenpoint Nevada Inc,30641754921357655197,Medical Cultivation,Non-Operational,Washoe,NVCCB,Nevada Cannabis Compliance Board,Adult-Use,NV,,,,,GREENPOINT NEVADA INC,,,,,,,,,2024-07-10
30879415424242137005,Range Brands Llc,30879415424242137005,Retail Production,Non-Operational,Clark,NVCCB,Nevada Cannabis Compliance Board,Adult-Use,NV,,,,,RANGE BRANDS LLC,,,,,,,,,2024-07-10
31181717801815759371,Nlv Mayflower Holdings Llc,31181717801815759371,Retail Cultivation,Active,Clark,NVCCB,Nevada Cannabis Compliance Board,Adult-Use,NV,,,,,NLV MAYFLOWER HOLDINGS LLC,,,,,,,,,2024-07-10
31882641465304506399,Tryke Companies Reno Llc,31882641465304506399,Retail Dispensary,Active,Washoe,NVCCB,Nevada Cannabis Compliance Board,Adult-Use,NV,,,,,TRYKE COMPANIES RENO LLC,,,,,,,,,2024-07-10
31890565875531526199,Premium Produce Llc,31890565875531526199,Retail Production,Active,Clark,NVCCB,Nevada Cannabis Compliance Board,Adult-Use,NV,,,,,PREMIUM PRODUCE LLC,,,,,,,,,2024-07-10
31897842738001059708,800 Stillwell Llc,31897842738001059708,Retail Cultivation,Active,Washoe,NVCCB,Nevada Cannabis Compliance Board,Adult-Use,NV,,,,,800 STILLWELL LLC,,,,,,,,,2024-07-10
32417232543607354135,Holistic Approach Cultivation Llc,32417232543607354135,Medical Cultivation,Non-Operational,Washoe,NVCCB,Nevada Cannabis Compliance Board,Adult-Use,NV,,,,,HOLISTIC APPROACH CULTIVATION LLC,,,,,,,,,2024-07-10
32455926792348469657,Waveseer Of Nevada Llc,32455926792348469657,Medical Dispensary,Non-Operational,Clark,NVCCB,Nevada Cannabis Compliance Board,Adult-Use,NV,,,,,WAVESEER OF NEVADA LLC,,,,,,,,,2024-07-10
32704290606712932888,Ymy Ventures Llc,32704290606712932888,Retail Production,Active,Clark,NVCCB,Nevada Cannabis Compliance Board,Adult-Use,NV,,,,,YMY VENTURES LLC,,,,,,,,,2024-07-10
33067718465021979566,Deep Roots Harvest Inc.,33067718465021979566,Retail Dispensary,Active,Clark,NVCCB,Nevada Cannabis Compliance Board,Adult-Use,NV,,,,,DEEP ROOTS HARVEST INC.,,,,,,,,,2024-07-10
33109597595341895101,Dep Ops Nv Llc,33109597595341895101,Retail Production,Active,Clark,NVCCB,Nevada Cannabis Compliance Board,Adult-Use,NV,,,,,DEP OPS NV LLC,,,,,,,,,2024-07-10
33333930069916107890,Clark Nmsd Llc,33333930069916107890,Retail Dispensary,Active,Clark,NVCCB,Nevada Cannabis Compliance Board,Adult-Use,NV,,,,,CLARK NMSD LLC,,,,,,,,,2024-07-10
33560346467246600957,Indoor Garden Farms Llc,33560346467246600957,Retail Cultivation,Active,Carson City,NVCCB,Nevada Cannabis Compliance Board,Adult-Use,NV,,,,,INDOOR GARDEN FARMS LLC,,,,,,,,,2024-07-10
33594512887044039784,Waveseer Of Las Vegas Llc,33594512887044039784,Medical Cultivation,Non-Operational,Clark,NVCCB,Nevada Cannabis Compliance Board,Adult-Use,NV,,,,,WAVESEER OF LAS VEGAS LLC,,,,,,,,,2024-07-10
33612007165240494267,Nlvg Llc,33612007165240494267,Retail Cultivation,Non-Operational,Clark,NVCCB,Nevada Cannabis Compliance Board,Adult-Use,NV,,,,,NLVG LLC,,,,,,,,,2024-07-10
33757554276109168008,Thc Production Llc,33757554276109168008,Retail Production,Active,Clark,NVCCB,Nevada Cannabis Compliance Board,Adult-Use,NV,,,,,THC PRODUCTION LLC,,,,,,,,,2024-07-10
33766980341791854561,Tahoe Hydroponics Company Llc,33766980341791854561,Retail Distributor,Active,Carson City,NVCCB,Nevada Cannabis Compliance Board,Adult-Use,NV,,,,,TAHOE HYDROPONICS COMPANY LLC,,,,,,,,,2024-07-10
34243875109059614286,Wscc Inc,34243875109059614286,Retail Dispensary,Active,Washoe,NVCCB,Nevada Cannabis Compliance Board,Adult-Use,NV,,,,,WSCC INC,,,,,,,,,2024-07-10
34497079237706414213,Nye Natural Medicinal Solutions Llc,34497079237706414213,Retail Production,Active,Nye,NVCCB,Nevada Cannabis Compliance Board,Adult-Use,NV,,,,,NYE NATURAL MEDICINAL SOLUTIONS LLC,,,,,,,,,2024-07-10
34561668875912663393,Healthcare Options For Patients Enterprises Llc,34561668875912663393,Retail Production,Active,Clark,NVCCB,Nevada Cannabis Compliance Board,Adult-Use,NV,,,,,HEALTHCARE OPTIONS FOR PATIENTS ENTERPRISES LLC,,,,,,,,,2024-07-10
34652970986411553293,Mmof Vegas Retail Inc,34652970986411553293,Medical Dispensary,Non-Operational,Clark,NVCCB,Nevada Cannabis Compliance Board,Adult-Use,NV,,,,,MMOF VEGAS RETAIL INC,,,,,,,,,2024-07-10
34770158846525926783,Acres Medical Llc,34770158846525926783,Retail Production,Active,Clark,NVCCB,Nevada Cannabis Compliance Board,Adult-Use,NV,,,,,ACRES MEDICAL LLC,,,,,,,,,2024-07-10
34783954003475226897,Lettucetest Llc,34783954003475226897,Retail Laboratory,Suspended,Clark,NVCCB,Nevada Cannabis Compliance Board,Adult-Use,NV,,,,,LETTUCETEST LLC,,,,,,,,,2024-07-10
35051929286907100905,Qualcan Llc,35051929286907100905,Retail Cultivation,Active,Clark,NVCCB,Nevada Cannabis Compliance Board,Adult-Use,NV,,,,,QUALCAN LLC,,,,,,,,,2024-07-10
35113918658385474933,3480 Hacienda Partners Llc,35113918658385474933,Retail Production,Active,Clark,NVCCB,Nevada Cannabis Compliance Board,Adult-Use,NV,,,,,3480 HACIENDA PARTNERS LLC,,,,,,,,,2024-07-10
35741015061896328515,The Bakery Llc,35741015061896328515,Retail Production,Non-Operational,Clark,NVCCB,Nevada Cannabis Compliance Board,Adult-Use,NV,,,,,THE BAKERY LLC,,,,,,,,,2024-07-10
35921128494419615677,Pure Tonic Concentrates Llc,35921128494419615677,Retail Dispensary,Active,Humboldt,NVCCB,Nevada Cannabis Compliance Board,Adult-Use,NV,,,,,PURE TONIC CONCENTRATES LLC,,,,,,,,,2024-07-10
36011146770937512646,Thompson Farm One Llc,36011146770937512646,Retail Cultivation,Active,Clark,NVCCB,Nevada Cannabis Compliance Board,Adult-Use,NV,,,,,THOMPSON FARM ONE LLC,,,,,,,,,2024-07-10
36017244910783299238,Nevada Group Wellness,36017244910783299238,Medical Cultivation,Non-Operational,Clark,NVCCB,Nevada Cannabis Compliance Board,Adult-Use,NV,,,,,NEVADA GROUP WELLNESS,,,,,,,,,2024-07-10
36111143425969416428,Euphoria Wellness Llc,36111143425969416428,Retail Production,Active,Clark,NVCCB,Nevada Cannabis Compliance Board,Adult-Use,NV,,,,,EUPHORIA WELLNESS LLC,,,,,,,,,2024-07-10
36471481166286897722,Lettucetest Llc,36471481166286897722,Medical Laboratory,Non-Operational,Clark,NVCCB,Nevada Cannabis Compliance Board,Adult-Use,NV,,,,,LETTUCETEST LLC,,,,,,,,,2024-07-10
36506856230444373665,Twelve Twelve Llc,36506856230444373665,Retail Cultivation,Active,Clark,NVCCB,Nevada Cannabis Compliance Board,Adult-Use,NV,,,,,TWELVE TWELVE LLC,,,,,,,,,2024-07-10
36812277747948686823,Solace Enterprises Llc,36812277747948686823,Retail Cultivation,Active,Clark,NVCCB,Nevada Cannabis Compliance Board,Adult-Use,NV,,,,,SOLACE ENTERPRISES LLC,,,,,,,,,2024-07-10
36845781847213708344,Matrix Nv Llc,36845781847213708344,Retail Production,Active,Clark,NVCCB,Nevada Cannabis Compliance Board,Adult-Use,NV,,,,,MATRIX NV LLC,,,,,,,,,2024-07-10
36853260737760020901,Polaris Wellness Center Llc,36853260737760020901,Retail Production,Active,Clark,NVCCB,Nevada Cannabis Compliance Board,Adult-Use,NV,,,,,POLARIS WELLNESS CENTER LLC,,,,,,,,,2024-07-10
36940245239064189256,Wellness & Caregivers Of Nevada Nlv Llc,36940245239064189256,Retail Production,Active,Clark,NVCCB,Nevada Cannabis Compliance Board,Adult-Use,NV,,,,,WELLNESS & CAREGIVERS OF NEVADA NLV LLC,,,,,,,,,2024-07-10
37194813876768896252,Nye Natural Medicinal Solutions Llc,37194813876768896252,Retail Distributor,Active,Nye,NVCCB,Nevada Cannabis Compliance Board,Adult-Use,NV,,,,,NYE NATURAL MEDICINAL SOLUTIONS LLC,,,,,,,,,2024-07-10
38120054593314237201,Lone Mountain Partners Llc,38120054593314237201,Retail Production,Active,Clark,NVCCB,Nevada Cannabis Compliance Board,Adult-Use,NV,,,,,LONE MOUNTAIN PARTNERS LLC,,,,,,,,,2024-07-10
38329603677293790867,Fswfl Llc,38329603677293790867,Retail Cultivation,Active,Clark,NVCCB,Nevada Cannabis Compliance Board,Adult-Use,NV,,,,,FSWFL LLC,,,,,,,,,2024-07-10
38420410922892257960,Green Life Productions Llc,38420410922892257960,Retail Cultivation,Active,Nye,NVCCB,Nevada Cannabis Compliance Board,Adult-Use,NV,,,,,GREEN LIFE PRODUCTIONS LLC,,,,,,,,,2024-07-10
40050104995800309174,Cheyenne Medical Sammy Davis Rd263 Llc,40050104995800309174,Retail Dispensary,Active,Clark,NVCCB,Nevada Cannabis Compliance Board,Adult-Use,NV,,,,,CHEYENNE MEDICAL SAMMY DAVIS RD263 LLC,,,,,,,,,2024-07-10
40056792267279269644,Green Life Productions Llc,40056792267279269644,Retail Distributor,Active,Nye,NVCCB,Nevada Cannabis Compliance Board,Adult-Use,NV,,,,,GREEN LIFE PRODUCTIONS LLC,,,,,,,,,2024-07-10
41146840808916745728,Cclv Production Llc,41146840808916745728,Retail Production,Active,Clark,NVCCB,Nevada Cannabis Compliance Board,Adult-Use,NV,,,,,CCLV PRODUCTION LLC,,,,,,,,,2024-07-10
41150195756844080197,Qualcan Llc,41150195756844080197,Medical Production,Non-Operational,Clark,NVCCB,Nevada Cannabis Compliance Board,Adult-Use,NV,,,,,QUALCAN LLC,,,,,,,,,2024-07-10
41491863218758323982,Trnvd670 Llc,41491863218758323982,Retail Dispensary,Active,Humboldt,NVCCB,Nevada Cannabis Compliance Board,Adult-Use,NV,,,,,TRNVD670 LLC,,,,,,,,,2024-07-10
42117353798137771623,Cn Licensco Iii Inc,42117353798137771623,Medical Cultivation,Non-Operational,Clark,NVCCB,Nevada Cannabis Compliance Board,Adult-Use,NV,,,,,CN LICENSCO III INC,,,,,,,,,2024-07-10
42243169362679005796,Green Cross Nevada Llc,42243169362679005796,Medical Production,Non-Operational,Clark,NVCCB,Nevada Cannabis Compliance Board,Adult-Use,NV,,,,,GREEN CROSS NEVADA LLC,,,,,,,,,2024-07-10
42779873098977009443,Greenmart Of Nevada Nlv Llc,42779873098977009443,Retail Production,Active,Clark,NVCCB,Nevada Cannabis Compliance Board,Adult-Use,NV,,,,,GREENMART OF NEVADA NLV LLC,,,,,,,,,2024-07-10
42801984540428281831,Wellness & Caregivers Of Nevada Ii Llc,42801984540428281831,Retail Cultivation,Active,Clark,NVCCB,Nevada Cannabis Compliance Board,Adult-Use,NV,,,,,WELLNESS & CAREGIVERS OF NEVADA II LLC,,,,,,,,,2024-07-10
42836696676159179870,Circle S Farms Llc,42836696676159179870,Retail Cultivation,Active,Clark,NVCCB,Nevada Cannabis Compliance Board,Adult-Use,NV,,,,,CIRCLE S FARMS LLC,,,,,,,,,2024-07-10
42964757214640794936,Clark Nmsd Llc,42964757214640794936,Retail Dispensary,Active,Clark,NVCCB,Nevada Cannabis Compliance Board,Adult-Use,NV,,,,,CLARK NMSD LLC,,,,,,,,,2024-07-10
43145225960370597103,Nlvg Llc,43145225960370597103,Retail Production,Non-Operational,Clark,NVCCB,Nevada Cannabis Compliance Board,Adult-Use,NV,,,,,NLVG LLC,,,,,,,,,2024-07-10
43160131583347244176,Mj Distributing C202 Llc,43160131583347244176,Retail Cultivation,Active,Nye,NVCCB,Nevada Cannabis Compliance Board,Adult-Use,NV,,,,,MJ DISTRIBUTING C202 LLC,,,,,,,,,2024-07-10
43388435085849646312,Nevada Organic Remedies Llc,43388435085849646312,Retail Dispensary,Active,Nye,NVCCB,Nevada Cannabis Compliance Board,Adult-Use,NV,,,,,NEVADA ORGANIC REMEDIES LLC,,,,,,,,,2024-07-10
43766627397168972639,Fidelis Holdings Llc,43766627397168972639,Retail Dispensary,Active,Clark,NVCCB,Nevada Cannabis Compliance Board,Adult-Use,NV,,,,,FIDELIS HOLDINGS LLC,,,,,,,,,2024-07-10
44563284956259379216,Lone Mountain Partners Llc,44563284956259379216,Retail Dispensary,Active,Clark,NVCCB,Nevada Cannabis Compliance Board,Adult-Use,NV,,,,,LONE MOUNTAIN PARTNERS LLC,,,,,,,,,2024-07-10
44586947570239330237,Eaker Operating Llc,44586947570239330237,Medical Cultivation,Non-Operational,Clark,NVCCB,Nevada Cannabis Compliance Board,Adult-Use,NV,,,,,EAKER OPERATING LLC,,,,,,,,,2024-07-10
44593280192084310982,Cheyenne Medical Llc,44593280192084310982,Retail Dispensary,Active,Clark,NVCCB,Nevada Cannabis Compliance Board,Adult-Use,NV,,,,,CHEYENNE MEDICAL LLC,,,,,,,,,2024-07-10
44613767467345472019,Deep Roots Harvest Inc.,44613767467345472019,Retail Dispensary,Active,Clark,NVCCB,Nevada Cannabis Compliance Board,Adult-Use,NV,,,,,DEEP ROOTS HARVEST INC.,,,,,,,,,2024-07-10
44883920913662445208,Premium Produce Llc,44883920913662445208,Retail Cultivation,Active,Clark,NVCCB,Nevada Cannabis Compliance Board,Adult-Use,NV,,,,,PREMIUM PRODUCE LLC,,,,,,,,,2024-07-10
44967653318399830596,Dpl Nv Llc,44967653318399830596,Retail Laboratory,Active,Clark,NVCCB,Nevada Cannabis Compliance Board,Adult-Use,NV,,,,,DPL NV LLC,,,,,,,,,2024-07-10
45124567643462616034,Kindibles Llc,45124567643462616034,Retail Production,Active,Clark,NVCCB,Nevada Cannabis Compliance Board,Adult-Use,NV,,,,,KINDIBLES LLC,,,,,,,,,2024-07-10
45333337224974981554,High Sierra Holistics Llc,45333337224974981554,Retail Dispensary,Active,Lyon,NVCCB,Nevada Cannabis Compliance Board,Adult-Use,NV,,,,,HIGH SIERRA HOLISTICS LLC,,,,,,,,,2024-07-10
45452459135682728564,Greenway Medical Llc,45452459135682728564,Retail Cultivation,Active,Clark,NVCCB,Nevada Cannabis Compliance Board,Adult-Use,NV,,,,,GREENWAY MEDICAL LLC,,,,,,,,,2024-07-10
45524894396296300516,Canalysis Nevada Llc,45524894396296300516,Medical Laboratory,Non-Operational,Clark,NVCCB,Nevada Cannabis Compliance Board,Adult-Use,NV,,,,,CANALYSIS NEVADA LLC,,,,,,,,,2024-07-10
45550027572824324494,Nevada Pure Llc,45550027572824324494,Retail Cultivation,Active,Clark,NVCCB,Nevada Cannabis Compliance Board,Adult-Use,NV,,,,,NEVADA PURE LLC,,,,,,,,,2024-07-10
45779336388196486818,Silver Black Attack Llc,45779336388196486818,Retail Cultivation,Active,Clark,NVCCB,Nevada Cannabis Compliance Board,Adult-Use,NV,,,,,SILVER BLACK ATTACK LLC,,,,,,,,,2024-07-10
45830142734877997535,Unifern Llc,45830142734877997535,Medical Cultivation,Active,Clark,NVCCB,Nevada Cannabis Compliance Board,Adult-Use,NV,,,,,UNIFERN LLC,,,,,,,,,2024-07-10
46100778561169443516,G3 Labs Llc,46100778561169443516,Retail Laboratory,Active,Clark,NVCCB,Nevada Cannabis Compliance Board,Adult-Use,NV,,,,,G3 LABS LLC,,,,,,,,,2024-07-10
46177828217679739988,Greenscape Productions Llc,46177828217679739988,Retail Production,Active,Clark,NVCCB,Nevada Cannabis Compliance Board,Adult-Use,NV,,,,,GREENSCAPE PRODUCTIONS LLC,,,,,,,,,2024-07-10
46934338604709544132,Kynd-Strainz Llc,46934338604709544132,Retail Dispensary,Active,Washoe,NVCCB,Nevada Cannabis Compliance Board,Adult-Use,NV,,,,,KYND-STRAINZ LLC,,,,,,,,,2024-07-10
47094106326314465305,Carson City Agency Solutions Llc,47094106326314465305,Retail Production,Active,Carson City,NVCCB,Nevada Cannabis Compliance Board,Adult-Use,NV,,,,,CARSON CITY AGENCY SOLUTIONS LLC,,,,,,,,,2024-07-10
47182081583508846760,Mmof Vegas Retail 2 Inc,47182081583508846760,Retail Dispensary,Active,Clark,NVCCB,Nevada Cannabis Compliance Board,Adult-Use,NV,,,,,MMOF VEGAS RETAIL 2 INC,,,,,,,,,2024-07-10
48154658590044707064,Nevada Group Wellness,48154658590044707064,Retail Production,Active,Clark,NVCCB,Nevada Cannabis Compliance Board,Adult-Use,NV,,,,,NEVADA GROUP WELLNESS,,,,,,,,,2024-07-10
48202177934598005793,Essence Tropicana Llc,48202177934598005793,Retail Dispensary,Active,Clark,NVCCB,Nevada Cannabis Compliance Board,Adult-Use,NV,,,,,ESSENCE TROPICANA LLC,,,,,,,,,2024-07-10
48306359790925315497,Mj Distributing C202 Llc,48306359790925315497,Medical Cultivation,Non-Operational,Nye,NVCCB,Nevada Cannabis Compliance Board,Adult-Use,NV,,,,,MJ DISTRIBUTING C202 LLC,,,,,,,,,2024-07-10
48309202150183437033,Silver Sage Wellness Llc,48309202150183437033,Retail Dispensary,Active,Clark,NVCCB,Nevada Cannabis Compliance Board,Adult-Use,NV,,,,,SILVER SAGE WELLNESS LLC,,,,,,,,,2024-07-10
48570745986570139944,Physis One Llc,48570745986570139944,Retail Cultivation,Active,Clark,NVCCB,Nevada Cannabis Compliance Board,Adult-Use,NV,,,,,PHYSIS ONE LLC,,,,,,,,,2024-07-10
48573289589249273073,Natural Medicine Llc,48573289589249273073,Retail Dispensary,Active,Clark,NVCCB,Nevada Cannabis Compliance Board,Adult-Use,NV,,,,,NATURAL MEDICINE LLC,,,,,,,,,2024-07-10
48581446096638497899,Mbnv Gt Llc,48581446096638497899,Retail Cultivation,Active,Clark,NVCCB,Nevada Cannabis Compliance Board,Adult-Use,NV,,,,,MBNV GT LLC,,,,,,,,,2024-07-10
49035067150536429938,Waveseer Of Las Vegas Llc,49035067150536429938,Retail Production,Active,Clark,NVCCB,Nevada Cannabis Compliance Board,Adult-Use,NV,,,,,WAVESEER OF LAS VEGAS LLC,,,,,,,,,2024-07-10
49050217089132565292,Unifern Llc,49050217089132565292,Retail Cultivation,Active,Clark,NVCCB,Nevada Cannabis Compliance Board,Adult-Use,NV,,,,,UNIFERN LLC,,,,,,,,,2024-07-10
49482059957736466451,Kayas Kitchen Llc,49482059957736466451,Retail Production,Active,Washoe,NVCCB,Nevada Cannabis Compliance Board,Adult-Use,NV,,,,,KAYAS KITCHEN LLC,,,,,,,,,2024-07-10
49664395053675917070,Greenpoint Nevada Inc,49664395053675917070,Retail Cultivation,Non-Operational,Washoe,NVCCB,Nevada Cannabis Compliance Board,Adult-Use,NV,,,,,GREENPOINT NEVADA INC,,,,,,,,,2024-07-10
49988620104464639364,Ymy Ventures Llc,49988620104464639364,Retail Cultivation,Active,Clark,NVCCB,Nevada Cannabis Compliance Board,Adult-Use,NV,,,,,YMY VENTURES LLC,,,,,,,,,2024-07-10
50474160252959804517,Nabisix Llc,50474160252959804517,Retail Distributor,Active,Washoe,NVCCB,Nevada Cannabis Compliance Board,Adult-Use,NV,,,,,NABISIX LLC,,,,,,,,,2024-07-10
50672104256468641763,Tgig Llc,50672104256468641763,Retail Production,Active,Clark,NVCCB,Nevada Cannabis Compliance Board,Adult-Use,NV,,,,,TGIG LLC,,,,,,,,,2024-07-10
50748233769645953480,Naturex Ii Llc,50748233769645953480,Retail Dispensary,Active,Clark,NVCCB,Nevada Cannabis Compliance Board,Adult-Use,NV,,,,,NATUREX II LLC,,,,,,,,,2024-07-10
50908730033762851212,Cannavative Farms Llc,50908730033762851212,Retail Cultivation,Active,Washoe,NVCCB,Nevada Cannabis Compliance Board,Adult-Use,NV,,,,,CANNAVATIVE FARMS LLC,,,,,,,,,2024-07-10
51266222807288437193,Nevada Organic Remedies Llc,51266222807288437193,Retail Dispensary,Active,Clark,NVCCB,Nevada Cannabis Compliance Board,Adult-Use,NV,,,,,NEVADA ORGANIC REMEDIES LLC,,,,,,,,,2024-07-10
51824402999678570215,Mm Development Company Inc,51824402999678570215,Retail Production,Active,Nye,NVCCB,Nevada Cannabis Compliance Board,Adult-Use,NV,,,,,MM DEVELOPMENT COMPANY INC,,,,,,,,,2024-07-10
51876830467987506091,Natural Medicine Llc,51876830467987506091,Retail Cultivation,Active,Clark,NVCCB,Nevada Cannabis Compliance Board,Adult-Use,NV,,,,,NATURAL MEDICINE LLC,,,,,,,,,2024-07-10
52055082544233112314,Wellness & Caregivers Of Nevada Nlv Llc,52055082544233112314,Retail Cultivation,Active,Clark,NVCCB,Nevada Cannabis Compliance Board,Adult-Use,NV,,,,,WELLNESS & CAREGIVERS OF NEVADA NLV LLC,,,,,,,,,2024-07-10
52125541619394980552,Gti Nevada Llc,52125541619394980552,Retail Dispensary,Active,Washoe,NVCCB,Nevada Cannabis Compliance Board,Adult-Use,NV,,,,,GTI NEVADA LLC,,,,,,,,,2024-07-10
52188599373858371816,Blossum Group,52188599373858371816,Retail Cultivation,Active,Clark,NVCCB,Nevada Cannabis Compliance Board,Adult-Use,NV,,,,,BLOSSUM GROUP,,,,,,,,,2024-07-10
52453211787476290375,Silver State Relief Llc,52453211787476290375,Retail Dispensary,Active,Washoe,NVCCB,Nevada Cannabis Compliance Board,Adult-Use,NV,,,,,SILVER STATE RELIEF LLC,,,,,,,,,2024-07-10
52625545245998432280,Polaris Wellness Center Llc,52625545245998432280,Retail Cultivation,Active,Clark,NVCCB,Nevada Cannabis Compliance Board,Adult-Use,NV,,,,,POLARIS WELLNESS CENTER LLC,,,,,,,,,2024-07-10
52712498758628776807,3Ap Inc,52712498758628776807,Retail Cultivation,Active,Clark,NVCCB,Nevada Cannabis Compliance Board,Adult-Use,NV,,,,,3AP INC,,,,,,,,,2024-07-10
52840251420805492332,Nlvg Llc,52840251420805492332,Medical Cultivation,Non-Operational,Clark,NVCCB,Nevada Cannabis Compliance Board,Adult-Use,NV,,,,,NLVG LLC,,,,,,,,,2024-07-10
53116055364203491071,Solace Enterprises Llc,53116055364203491071,Retail Production,Active,Clark,NVCCB,Nevada Cannabis Compliance Board,Adult-Use,NV,,,,,SOLACE ENTERPRISES LLC,,,,,,,,,2024-07-10
53908146183081867945,Helping Hands Wellness Center Inc,53908146183081867945,Retail Production,Active,Clark,NVCCB,Nevada Cannabis Compliance Board,Adult-Use,NV,,,,,HELPING HANDS WELLNESS CENTER INC,,,,,,,,,2024-07-10
54107604407977306180,Libra Wellness Center Llc,54107604407977306180,Medical Production,Non-Operational,Clark,NVCCB,Nevada Cannabis Compliance Board,Adult-Use,NV,,,,,LIBRA WELLNESS CENTER LLC,,,,,,,,,2024-07-10
54135769938859220718,Essence Tropicana Llc,54135769938859220718,Retail Dispensary,Active,Clark,NVCCB,Nevada Cannabis Compliance Board,Adult-Use,NV,,,,,ESSENCE TROPICANA LLC,,,,,,,,,2024-07-10
54283805068313943868,Paradise Wellness Center Llc,54283805068313943868,Retail Dispensary,Active,Clark,NVCCB,Nevada Cannabis Compliance Board,Adult-Use,NV,,,,,PARADISE WELLNESS CENTER LLC,,,,,,,,,2024-07-10
54535922714915823296,Nevada Holistic Medicine Llc,54535922714915823296,Retail Dispensary,Active,Clark,NVCCB,Nevada Cannabis Compliance Board,Adult-Use,NV,,,,,NEVADA HOLISTIC MEDICINE LLC,,,,,,,,,2024-07-10
54588636135598286871,Nuleaf Clark Dispensary Llc,54588636135598286871,Retail Dispensary,Active,Clark,NVCCB,Nevada Cannabis Compliance Board,Adult-Use,NV,,,,,NULEAF CLARK DISPENSARY LLC,,,,,,,,,2024-07-10
54843900353627537885,Mm Development Company Inc,54843900353627537885,Retail Cultivation,Active,Clark,NVCCB,Nevada Cannabis Compliance Board,Adult-Use,NV,,,,,MM DEVELOPMENT COMPANY INC,,,,,,,,,2024-07-10
54980305084297438991,Thc Nevada Llc,54980305084297438991,Retail Cultivation,Active,Clark,NVCCB,Nevada Cannabis Compliance Board,Adult-Use,NV,,,,,THC NEVADA LLC,,,,,,,,,2024-07-10
55363208938053798722,Waveseer Of Nevada Llc,55363208938053798722,Retail Dispensary,Active,Clark,NVCCB,Nevada Cannabis Compliance Board,Adult-Use,NV,,,,,WAVESEER OF NEVADA LLC,,,,,,,,,2024-07-10
55426061278341633047,Floret Nevada Llc,55426061278341633047,Retail Cultivation,Non-Operational,Washoe,NVCCB,Nevada Cannabis Compliance Board,Adult-Use,NV,,,,,FLORET NEVADA LLC,,,,,,,,,2024-07-10
55740439531874846857,Mmof Vegas Retail 2 Inc,55740439531874846857,Medical Dispensary,Non-Operational,Clark,NVCCB,Nevada Cannabis Compliance Board,Adult-Use,NV,,,,,MMOF VEGAS RETAIL 2 INC,,,,,,,,,2024-07-10
55910347793434478299,Serenity Wellness Center Llc,55910347793434478299,Retail Dispensary,Active,Clark,NVCCB,Nevada Cannabis Compliance Board,Adult-Use,NV,,,,,SERENITY WELLNESS CENTER LLC,,,,,,,,,2024-07-10
55959028344138859769,Medical Cannabis Healing Llc,55959028344138859769,Retail Cultivation,Active,Clark,NVCCB,Nevada Cannabis Compliance Board,Adult-Use,NV,,,,,MEDICAL CANNABIS HEALING LLC,,,,,,,,,2024-07-10
56426800972005264608,Tryke Companies So Nv Llc,56426800972005264608,Retail Dispensary,Active,Clark,NVCCB,Nevada Cannabis Compliance Board,Adult-Use,NV,,,,,TRYKE COMPANIES SO NV LLC,,,,,,,,,2024-07-10
56587702954468594911,Strata Growth Llc,56587702954468594911,Retail Cultivation,Active,Nye,NVCCB,Nevada Cannabis Compliance Board,Adult-Use,NV,,,,,STRATA GROWTH LLC,,,,,,,,,2024-07-10
56693629355290417097,800 Stillwell Llc,56693629355290417097,Retail Production,Non-Operational,Washoe,NVCCB,Nevada Cannabis Compliance Board,Adult-Use,NV,,,,,800 STILLWELL LLC,,,,,,,,,2024-07-10
56859471821919325427,Sf-D Inc,56859471821919325427,Retail Dispensary,Active,Clark,NVCCB,Nevada Cannabis Compliance Board,Adult-Use,NV,,,,,SF-D INC,,,,,,,,,2024-07-10
57013223548758955335,Acres Cultivation Llc,57013223548758955335,Retail Cultivation,Active,Nye,NVCCB,Nevada Cannabis Compliance Board,Adult-Use,NV,,,,,ACRES CULTIVATION LLC,,,,,,,,,2024-07-10
57228409765781650784,Nevada Wellness Center West Llc,57228409765781650784,Retail Dispensary,Active,Clark,NVCCB,Nevada Cannabis Compliance Board,Adult-Use,NV,,,,,NEVADA WELLNESS CENTER WEST LLC,,,,,,,,,2024-07-10
57985307135305347124,Jdw Nevada Llc,57985307135305347124,Retail Cultivation,Non-Operational,Clark,NVCCB,Nevada Cannabis Compliance Board,Adult-Use,NV,,,,,JDW NEVADA LLC,,,,,,,,,2024-07-10
58417803212814915538,Wellness Connection Of Nevada Llc,58417803212814915538,Retail Dispensary,Active,Clark,NVCCB,Nevada Cannabis Compliance Board,Adult-Use,NV,,,,,WELLNESS CONNECTION OF NEVADA LLC,,,,,,,,,2024-07-10
59173856084611315340,Hh Sub Ii Llc,59173856084611315340,Retail Dispensary,Active,Clark,NVCCB,Nevada Cannabis Compliance Board,Adult-Use,NV,,,,,HH SUB II LLC,,,,,,,,,2024-07-10
59239887350322215968,Integral Production Llc,59239887350322215968,Retail Production,Active,Clark,NVCCB,Nevada Cannabis Compliance Board,Adult-Use,NV,,,,,INTEGRAL PRODUCTION LLC,,,,,,,,,2024-07-10
59240477366367737854,Zenway Corp,59240477366367737854,Retail Cultivation,Active,Clark,NVCCB,Nevada Cannabis Compliance Board,Adult-Use,NV,,,,,ZENWAY CORP,,,,,,,,,2024-07-10
59287610826909824091,Henderson Organic Remedies Llc,59287610826909824091,Retail Dispensary,Active,Clark,NVCCB,Nevada Cannabis Compliance Board,Adult-Use,NV,,,,,HENDERSON ORGANIC REMEDIES LLC,,,,,,,,,2024-07-10
59425342936489617985,Range Brands Llc,59425342936489617985,Medical Production,Non-Operational,Clark,NVCCB,Nevada Cannabis Compliance Board,Adult-Use,NV,,,,,RANGE BRANDS LLC,,,,,,,,,2024-07-10
59947598683440960996,High Sierra Holistics Llc,59947598683440960996,Retail Production,Active,Washoe,NVCCB,Nevada Cannabis Compliance Board,Adult-Use,NV,,,,,HIGH SIERRA HOLISTICS LLC,,,,,,,,,2024-07-10
59957937698775278559,Silver State Wellness Llc,59957937698775278559,Retail Cultivation,Active,Clark,NVCCB,Nevada Cannabis Compliance Board,Adult-Use,NV,,,,,SILVER STATE WELLNESS LLC,,,,,,,,,2024-07-10
59998657224967428496,Livfree Wellness Llc A Nevada Limited Liability Company,59998657224967428496,Retail Production,Active,Clark,NVCCB,Nevada Cannabis Compliance Board,Adult-Use,NV,,,,,LIVFREE WELLNESS LLC A NEVADA LIMITED LIABILITY COMPANY,,,,,,,,,2024-07-10
60209124011694020439,Sensible Edibles Llc,60209124011694020439,Retail Production,Active,Washoe,NVCCB,Nevada Cannabis Compliance Board,Adult-Use,NV,,,,,SENSIBLE EDIBLES LLC,,,,,,,,,2024-07-10
60221456183974265627,Helping Hands Wellness Center Inc,60221456183974265627,Medical Production,Non-Operational,Clark,NVCCB,Nevada Cannabis Compliance Board,Adult-Use,NV,,,,,HELPING HANDS WELLNESS CENTER INC,,,,,,,,,2024-07-10
60232754740405315836,Hh Sub I Llc,60232754740405315836,Retail Dispensary,Active,Clark,NVCCB,Nevada Cannabis Compliance Board,Adult-Use,NV,,,,,HH SUB I LLC,,,,,,,,,2024-07-10
60375575493304646593,Gravitas Henderson Llc,60375575493304646593,Retail Cultivation,Active,Clark,NVCCB,Nevada Cannabis Compliance Board,Adult-Use,NV,,,,,GRAVITAS HENDERSON LLC,,,,,,,,,2024-07-10
60481353847758083620,Tryke Companies So Nv Llc,60481353847758083620,Retail Distributor,Active,Clark,NVCCB,Nevada Cannabis Compliance Board,Adult-Use,NV,,,,,TRYKE COMPANIES SO NV LLC,,,,,,,,,2024-07-10
60617213048329483143,Fidelis Holdings Llc,60617213048329483143,Retail Cultivation,Active,Clark,NVCCB,Nevada Cannabis Compliance Board,Adult-Use,NV,,,,,FIDELIS HOLDINGS LLC,,,,,,,,,2024-07-10
60717392403652618642,Exhale Brands Nevada Llc,60717392403652618642,Medical Cultivation,Non-Operational,Clark,NVCCB,Nevada Cannabis Compliance Board,Adult-Use,NV,,,,,EXHALE BRANDS NEVADA LLC,,,,,,,,,2024-07-10
60784621649758886862,Deep Roots Harvest Inc,60784621649758886862,Retail Distributor,Active,Clark,NVCCB,Nevada Cannabis Compliance Board,Adult-Use,NV,,,,,DEEP ROOTS HARVEST INC,,,,,,,,,2024-07-10
61179392211013199930,Ssac D1 Llc,61179392211013199930,Retail Dispensary,Active,Washoe,NVCCB,Nevada Cannabis Compliance Board,Adult-Use,NV,,,,,SSAC D1 LLC,,,,,,,,,2024-07-10
61301779234796117347,Clark Natural Medicinal Solutions Llc,61301779234796117347,Retail Cultivation,Active,Clark,NVCCB,Nevada Cannabis Compliance Board,Adult-Use,NV,,,,,CLARK NATURAL MEDICINAL SOLUTIONS LLC,,,,,,,,,2024-07-10
61611537222691531848,Serenity Wellness Products Llc,61611537222691531848,Retail Distributor,Active,Clark,NVCCB,Nevada Cannabis Compliance Board,Adult-Use,NV,,,,,SERENITY WELLNESS PRODUCTS LLC,,,,,,,,,2024-07-10
62002429809099661968,Green Therapeutics Llc,62002429809099661968,Retail Production,Active,Clark,NVCCB,Nevada Cannabis Compliance Board,Adult-Use,NV,,,,,GREEN THERAPEUTICS LLC,,,,,,,,,2024-07-10
62288713970409249760,Clear River Llc,62288713970409249760,Retail Distributor,Active,Clark,NVCCB,Nevada Cannabis Compliance Board,Adult-Use,NV,,,,,CLEAR RIVER LLC,,,,,,,,,2024-07-10
62340865056138997248,Integral Cultivation Llc,62340865056138997248,Retail Distributor,Active,Clark,NVCCB,Nevada Cannabis Compliance Board,Adult-Use,NV,,,,,INTEGRAL CULTIVATION LLC,,,,,,,,,2024-07-10
62474301567586344896,Mm Development Company Inc,62474301567586344896,Retail Dispensary,Active,Clark,NVCCB,Nevada Cannabis Compliance Board,Adult-Use,NV,,,,,MM DEVELOPMENT COMPANY INC,,,,,,,,,2024-07-10
63179017136792237088,Qualcan Llc,63179017136792237088,Retail Dispensary,Active,Clark,NVCCB,Nevada Cannabis Compliance Board,Adult-Use,NV,,,,,QUALCAN LLC,,,,,,,,,2024-07-10
63823593017866205802,Ararat Wine And Liquor Wholesale Inc,63823593017866205802,Retail Distributor,Active,Clark,NVCCB,Nevada Cannabis Compliance Board,Adult-Use,NV,,,,,ARARAT WINE AND LIQUOR WHOLESALE INC,,,,,,,,,2024-07-10
63918266150160688897,Las Vegas Wellness And Compassion Llc,63918266150160688897,Retail Cultivation,Active,Clark,NVCCB,Nevada Cannabis Compliance Board,Adult-Use,NV,,,,,LAS VEGAS WELLNESS AND COMPASSION LLC,,,,,,,,,2024-07-10
64345737726226352455,Livfree Wellness Llc,64345737726226352455,Retail Dispensary,Active,Clark,NVCCB,Nevada Cannabis Compliance Board,Adult-Use,NV,,,,,LIVFREE WELLNESS LLC,,,,,,,,,2024-07-10
64364789010887954474,The Hempire Company Llc,64364789010887954474,Retail Production,Active,Esmeralda,NVCCB,Nevada Cannabis Compliance Board,Adult-Use,NV,,,,,THE HEMPIRE COMPANY LLC,,,,,,,,,2024-07-10
64396246475438768402,Ncmm Llc,64396246475438768402,Retail Production,Active,Nye,NVCCB,Nevada Cannabis Compliance Board,Adult-Use,NV,,,,,NCMM LLC,,,,,,,,,2024-07-10
64426900482560153641,Exhale Brands Nevada Llc,64426900482560153641,Medical Dispensary,Non-Operational,Clark,NVCCB,Nevada Cannabis Compliance Board,Adult-Use,NV,,,,,EXHALE BRANDS NEVADA LLC,,,,,,,,,2024-07-10
64458963066306661796,Gfive Cultivation Llc,64458963066306661796,Retail Cultivation,Active,Clark,NVCCB,Nevada Cannabis Compliance Board,Adult-Use,NV,,,,,GFIVE CULTIVATION LLC,,,,,,,,,2024-07-10
65689461925309882262,Fswfl Llc,65689461925309882262,Retail Production,Active,Clark,NVCCB,Nevada Cannabis Compliance Board,Adult-Use,NV,,,,,FSWFL LLC,,,,,,,,,2024-07-10
66506752367319977952,Gravitas Nevada Ltd,66506752367319977952,Retail Production,Active,Clark,NVCCB,Nevada Cannabis Compliance Board,Adult-Use,NV,,,,,GRAVITAS NEVADA LTD,,,,,,,,,2024-07-10
66529987864286045247,Vegas Valley Growers North Llc,66529987864286045247,Retail Cultivation,Active,Clark,NVCCB,Nevada Cannabis Compliance Board,Adult-Use,NV,,,,,VEGAS VALLEY GROWERS NORTH LLC,,,,,,,,,2024-07-10
66617546095474151491,Silver State Wellness Llc,66617546095474151491,Retail Production,Active,Clark,NVCCB,Nevada Cannabis Compliance Board,Adult-Use,NV,,,,,SILVER STATE WELLNESS LLC,,,,,,,,,2024-07-10
66727918448382181540,Green Therapeutics Llc,66727918448382181540,Retail Cultivation,Active,Clark,NVCCB,Nevada Cannabis Compliance Board,Adult-Use,NV,,,,,GREEN THERAPEUTICS LLC,,,,,,,,,2024-07-10
66873317086528740570,Gwga Llc,66873317086528740570,Retail Cultivation,Active,Nye,NVCCB,Nevada Cannabis Compliance Board,Adult-Use,NV,,,,,GWGA LLC,,,,,,,,,2024-07-10
66956185074616370216,Nevada Organic Remedies Llc,66956185074616370216,Retail Distributor,Active,Clark,NVCCB,Nevada Cannabis Compliance Board,Adult-Use,NV,,,,,NEVADA ORGANIC REMEDIES LLC,,,,,,,,,2024-07-10
67122044441374722164,Mesa Oils Llc,67122044441374722164,Retail Production,Active,Clark,NVCCB,Nevada Cannabis Compliance Board,Adult-Use,NV,,,,,MESA OILS LLC,,,,,,,,,2024-07-10
67137974857763470339,Silver Sage Wellness Llc,67137974857763470339,Retail Production,Active,Clark,NVCCB,Nevada Cannabis Compliance Board,Adult-Use,NV,,,,,SILVER SAGE WELLNESS LLC,,,,,,,,,2024-07-10
67152141156911857339,Nuleaf Reno Production Llc,67152141156911857339,Retail Production,Active,Washoe,NVCCB,Nevada Cannabis Compliance Board,Adult-Use,NV,,,,,NULEAF RENO PRODUCTION LLC,,,,,,,,,2024-07-10
67391843247886555156,Nevada Pure Llc,67391843247886555156,Retail Dispensary,Active,Clark,NVCCB,Nevada Cannabis Compliance Board,Adult-Use,NV,,,,,NEVADA PURE LLC,,,,,,,,,2024-07-10
67501179020484699802,Mmof Fremont Retail Inc,67501179020484699802,Retail Dispensary,Active,Clark,NVCCB,Nevada Cannabis Compliance Board,Adult-Use,NV,,,,,MMOF FREMONT RETAIL INC,,,,,,,,,2024-07-10
67664169559680064201,Natural Medicine Llc,67664169559680064201,Retail Dispensary,Active,Clark,NVCCB,Nevada Cannabis Compliance Board,Adult-Use,NV,,,,,NATURAL MEDICINE LLC,,,,,,,,,2024-07-10
67921128221276401437,The Hempire Company Llc,67921128221276401437,Retail Cultivation,Active,Esmeralda,NVCCB,Nevada Cannabis Compliance Board,Adult-Use,NV,,,,,THE HEMPIRE COMPANY LLC,,,,,,,,,2024-07-10
68051053914819427603,Mm Development Company Inc,68051053914819427603,Retail Distributor,Active,Clark,NVCCB,Nevada Cannabis Compliance Board,Adult-Use,NV,,,,,MM DEVELOPMENT COMPANY INC,,,,,,,,,2024-07-10
68096361433916615303,Livfree Wellness Llc A Nevada Limited Liability Company,68096361433916615303,Retail Cultivation,Active,Clark,NVCCB,Nevada Cannabis Compliance Board,Adult-Use,NV,,,,,LIVFREE WELLNESS LLC A NEVADA LIMITED LIABILITY COMPANY,,,,,,,,,2024-07-10
68465280204941344633,Clark Natural Medicinal Solutions Llc,68465280204941344633,Retail Production,Active,Clark,NVCCB,Nevada Cannabis Compliance Board,Adult-Use,NV,,,,,CLARK NATURAL MEDICINAL SOLUTIONS LLC,,,,,,,,,2024-07-10
68654169444367146618,374 Labs Llc,68654169444367146618,Retail Laboratory,Active,Washoe,NVCCB,Nevada Cannabis Compliance Board,Adult-Use,NV,,,,,374 LABS LLC,,,,,,,,,2024-07-10
69200162927093984683,Medical Marijuana Group Inc,69200162927093984683,Retail Cultivation,Active,Washoe,NVCCB,Nevada Cannabis Compliance Board,Adult-Use,NV,,,,,MEDICAL MARIJUANA GROUP INC,,,,,,,,,2024-07-10
69204305475717257553,Db Labs Llc,69204305475717257553,Retail Laboratory,Active,Clark,NVCCB,Nevada Cannabis Compliance Board,Adult-Use,NV,,,,,DB LABS LLC,,,,,,,,,2024-07-10
69272354565432352821,Gti Nevada Llc,69272354565432352821,Retail Production,Active,Carson City,NVCCB,Nevada Cannabis Compliance Board,Adult-Use,NV,,,,,GTI NEVADA LLC,,,,,,,,,2024-07-10
69404716747838939574,Nv 3480 Partners Llc,69404716747838939574,Retail Cultivation,Active,Clark,NVCCB,Nevada Cannabis Compliance Board,Adult-Use,NV,,,,,NV 3480 PARTNERS LLC,,,,,,,,,2024-07-10
69687373559494639347,Tgig Llc,69687373559494639347,Retail Distributor,Active,Nye,NVCCB,Nevada Cannabis Compliance Board,Adult-Use,NV,,,,,TGIG LLC,,,,,,,,,2024-07-10
69823478351682033556,Greenmart Of Nevada Nlv Llc,69823478351682033556,Retail Cultivation,Active,Clark,NVCCB,Nevada Cannabis Compliance Board,Adult-Use,NV,,,,,GREENMART OF NEVADA NLV LLC,,,,,,,,,2024-07-10
69922851576597812747,Good Chemistry Nevada Llc,69922851576597812747,Retail Production,Non-Operational,Washoe,NVCCB,Nevada Cannabis Compliance Board,Adult-Use,NV,,,,,GOOD CHEMISTRY NEVADA LLC,,,,,,,,,2024-07-10
70155083229545863037,Integral Cultivation Llc,70155083229545863037,Retail Cultivation,Active,Clark,NVCCB,Nevada Cannabis Compliance Board,Adult-Use,NV,,,,,INTEGRAL CULTIVATION LLC,,,,,,,,,2024-07-10
70296412354434531655,West118 Investments Llc,70296412354434531655,Medical Cultivation,Non-Operational,Lyon,NVCCB,Nevada Cannabis Compliance Board,Adult-Use,NV,,,,,WEST118 INVESTMENTS LLC,,,,,,,,,2024-07-10
71064968398758187793,Silver State Relief Llc,71064968398758187793,Retail Dispensary,Active,Lyon,NVCCB,Nevada Cannabis Compliance Board,Adult-Use,NV,,,,,SILVER STATE RELIEF LLC,,,,,,,,,2024-07-10
71090080764736050863,Paradise Wellness Center Llc,71090080764736050863,Medical Dispensary,Non-Operational,Clark,NVCCB,Nevada Cannabis Compliance Board,Adult-Use,NV,,,,,PARADISE WELLNESS CENTER LLC,,,,,,,,,2024-07-10
71187112253124699452,21St Street Llc,71187112253124699452,Retail Cultivation,Active,Washoe,NVCCB,Nevada Cannabis Compliance Board,Adult-Use,NV,,,,,21st street llc,,,,,,,,,2024-07-10
71224329369156133247,Livfree Wellness Llc A Nevada Limited Liability Company,71224329369156133247,Retail Dispensary,Active,Clark,NVCCB,Nevada Cannabis Compliance Board,Adult-Use,NV,,,,,LIVFREE WELLNESS LLC A NEVADA LIMITED LIABILITY COMPANY,,,,,,,,,2024-07-10
71502992159317997032,Rombough Real Estate Inc,71502992159317997032,Retail Cultivation,Active,Clark,NVCCB,Nevada Cannabis Compliance Board,Adult-Use,NV,,,,,ROMBOUGH REAL ESTATE INC,,,,,,,,,2024-07-10
71702389611437559364,Livfree Wellness Llc A Nevada Limited Liability Company,71702389611437559364,Retail Dispensary,Active,Washoe,NVCCB,Nevada Cannabis Compliance Board,Adult-Use,NV,,,,,LIVFREE WELLNESS LLC A NEVADA LIMITED LIABILITY COMPANY,,,,,,,,,2024-07-10
72255924921531241817,21St Street Llc,72255924921531241817,Retail Production,Active,Washoe,NVCCB,Nevada Cannabis Compliance Board,Adult-Use,NV,,,,,21st street llc,,,,,,,,,2024-07-10
72326121663352213340,Cannavative Extracts Llc,72326121663352213340,Retail Production,Active,Washoe,NVCCB,Nevada Cannabis Compliance Board,Adult-Use,NV,,,,,CANNAVATIVE EXTRACTS LLC,,,,,,,,,2024-07-10
72379193611776921142,Lone Mountain Partners Llc,72379193611776921142,Retail Dispensary,Active,Clark,NVCCB,Nevada Cannabis Compliance Board,Adult-Use,NV,,,,,LONE MOUNTAIN PARTNERS LLC,,,,,,,,,2024-07-10
73000340130776760476,Deep Roots Harvest Inc.,73000340130776760476,Retail Cultivation,Active,Clark,NVCCB,Nevada Cannabis Compliance Board,Adult-Use,NV,,,,,DEEP ROOTS HARVEST INC.,,,,,,,,,2024-07-10
73296521059198028231,Pure Tonic Concentrates Llc,73296521059198028231,Retail Production,Active,Washoe,NVCCB,Nevada Cannabis Compliance Board,Adult-Use,NV,,,,,PURE TONIC CONCENTRATES LLC,,,,,,,,,2024-07-10
73636900267172177171,Nevada Group Wellness,73636900267172177171,Medical Production,Non-Operational,Clark,NVCCB,Nevada Cannabis Compliance Board,Adult-Use,NV,,,,,NEVADA GROUP WELLNESS,,,,,,,,,2024-07-10
73796714472903295173,Lnp Llc,73796714472903295173,Retail Cultivation,Active,Elko,NVCCB,Nevada Cannabis Compliance Board,Adult-Use,NV,,,,,LNP LLC,,,,,,,,,2024-07-10
73911129313774416305,Fortress Equities Orcl Llc,73911129313774416305,Retail Cultivation,Active,Nye,NVCCB,Nevada Cannabis Compliance Board,Adult-Use,NV,,,,,FORTRESS EQUITIES ORCL LLC,,,,,,,,,2024-07-10
74226113309081700669,Alternative Medicine Association Lc,74226113309081700669,Retail Production,Active,Clark,NVCCB,Nevada Cannabis Compliance Board,Adult-Use,NV,,,,,ALTERNATIVE MEDICINE ASSOCIATION LC,,,,,,,,,2024-07-10
74948399079730658451,Greenscape Productions Llc,74948399079730658451,Retail Cultivation,Active,Clark,NVCCB,Nevada Cannabis Compliance Board,Adult-Use,NV,,,,,GREENSCAPE PRODUCTIONS LLC,,,,,,,,,2024-07-10
75203668337906025844,Clear River Llc,75203668337906025844,Retail Dispensary,Active,Clark,NVCCB,Nevada Cannabis Compliance Board,Adult-Use,NV,,,,,CLEAR RIVER LLC,,,,,,,,,2024-07-10
75568450563863780062,Waveseer Of Las Vegas Llc,75568450563863780062,Medical Dispensary,Non-Operational,Clark,NVCCB,Nevada Cannabis Compliance Board,Adult-Use,NV,,,,,WAVESEER OF LAS VEGAS LLC,,,,,,,,,2024-07-10
75650075113718192894,Wellness Orchards Of Nevada Llc,75650075113718192894,Retail Cultivation,Active,Nye,NVCCB,Nevada Cannabis Compliance Board,Adult-Use,NV,,,,,WELLNESS ORCHARDS OF NEVADA LLC,,,,,,,,,2024-07-10
75726821461576041628,Corleone Wines Llc,75726821461576041628,Retail Distributor,Active,Clark,NVCCB,Nevada Cannabis Compliance Board,Adult-Use,NV,,,,,CORLEONE WINES LLC,,,,,,,,,2024-07-10
76163748746660781629,Tahoe-Reno Extractions Llc,76163748746660781629,Retail Production,Active,Washoe,NVCCB,Nevada Cannabis Compliance Board,Adult-Use,NV,,,,,TAHOE-RENO EXTRACTIONS LLC,,,,,,,,,2024-07-10
76170147149504770817,Mm Development Company Inc,76170147149504770817,Retail Dispensary,Active,Clark,NVCCB,Nevada Cannabis Compliance Board,Adult-Use,NV,,,,,MM DEVELOPMENT COMPANY INC,,,,,,,,,2024-07-10
76684918131687038904,Circle S Farms Llc,76684918131687038904,Retail Distributor,Active,Clark,NVCCB,Nevada Cannabis Compliance Board,Adult-Use,NV,,,,,CIRCLE S FARMS LLC,,,,,,,,,2024-07-10
76816813303097791333,Global Harmony Llc,76816813303097791333,Retail Dispensary,Active,Clark,NVCCB,Nevada Cannabis Compliance Board,Adult-Use,NV,,,,,GLOBAL HARMONY LLC,,,,,,,,,2024-07-10
76890766994970149940,Acres Cultivation Llc,76890766994970149940,Retail Production,Active,Nye,NVCCB,Nevada Cannabis Compliance Board,Adult-Use,NV,,,,,ACRES CULTIVATION LLC,,,,,,,,,2024-07-10
77027711033924812731,800 Stillwell Llc,77027711033924812731,Retail Distributor,Non-Operational,Washoe,NVCCB,Nevada Cannabis Compliance Board,Adult-Use,NV,,,,,800 STILLWELL LLC,,,,,,,,,2024-07-10
77486514896179438118,Serenity Wellness Growers Llc,77486514896179438118,Retail Cultivation,Active,Clark,NVCCB,Nevada Cannabis Compliance Board,Adult-Use,NV,,,,,SERENITY WELLNESS GROWERS LLC,,,,,,,,,2024-07-10
77505483208802721121,Commerce Park Medical Llc,77505483208802721121,Retail Dispensary,Active,Clark,NVCCB,Nevada Cannabis Compliance Board,Adult-Use,NV,,,,,COMMERCE PARK MEDICAL LLC,,,,,,,,,2024-07-10
77632992333764442110,Southern Nevada Growers Llc,77632992333764442110,Retail Cultivation,Active,Clark,NVCCB,Nevada Cannabis Compliance Board,Adult-Use,NV,,,,,SOUTHERN NEVADA GROWERS LLC,,,,,,,,,2024-07-10
77903356343424586888,Nuleaf Incline Dispensary Llc,77903356343424586888,Retail Dispensary,Active,Washoe,NVCCB,Nevada Cannabis Compliance Board,Adult-Use,NV,,,,,NULEAF INCLINE DISPENSARY LLC,,,,,,,,,2024-07-10
78077108935753678828,Emk Hydrogarden Llc,78077108935753678828,Retail Cultivation,Non-Operational,Clark,NVCCB,Nevada Cannabis Compliance Board,Adult-Use,NV,,,,,EMK HYDROGARDEN LLC,,,,,,,,,2024-07-10
78144331956059463801,Trnvp098 Llc,78144331956059463801,Retail Production,Active,Clark,NVCCB,Nevada Cannabis Compliance Board,Adult-Use,NV,,,,,TRNVP098 LLC,,,,,,,,,2024-07-10
78183023264727429508,Clear River Llc,78183023264727429508,Retail Dispensary,Active,Clark,NVCCB,Nevada Cannabis Compliance Board,Adult-Use,NV,,,,,CLEAR RIVER LLC,,,,,,,,,2024-07-10
78542462361850281023,Nuleaf Clark Dispensary Llc,78542462361850281023,Retail Distributor,Non-Operational,Clark,NVCCB,Nevada Cannabis Compliance Board,Adult-Use,NV,,,,,NULEAF CLARK DISPENSARY LLC,,,,,,,,,2024-07-10
78652642552793589227,Vegas Valley Growers Llc,78652642552793589227,Retail Cultivation,Active,Clark,NVCCB,Nevada Cannabis Compliance Board,Adult-Use,NV,,,,,VEGAS VALLEY GROWERS LLC,,,,,,,,,2024-07-10
78954038908132787261,Lone Mountain Partners Llc,78954038908132787261,Retail Cultivation,Active,Clark,NVCCB,Nevada Cannabis Compliance Board,Adult-Use,NV,,,,,LONE MOUNTAIN PARTNERS LLC,,,,,,,,,2024-07-10
79484750509886968559,Serenity Wellness Products Llc,79484750509886968559,Retail Production,Active,Clark,NVCCB,Nevada Cannabis Compliance Board,Adult-Use,NV,,,,,SERENITY WELLNESS PRODUCTS LLC,,,,,,,,,2024-07-10
79521872948450004935,Harvest Foundation Llc The,79521872948450004935,Medical Cultivation,Suspended,Clark,NVCCB,Nevada Cannabis Compliance Board,Adult-Use,NV,,,,,HARVEST FOUNDATION LLC THE,,,,,,,,,2024-07-10
79614683297911173396,Red Earth Llc,79614683297911173396,Medical Cultivation,Non-Operational,Clark,NVCCB,Nevada Cannabis Compliance Board,Adult-Use,NV,,,,,RED EARTH LLC,,,,,,,,,2024-07-10
79705307867248690408,Redwood Warehouse Llc,79705307867248690408,Retail Distributor,Active,Clark,NVCCB,Nevada Cannabis Compliance Board,Adult-Use,NV,,,,,REDWOOD WAREHOUSE LLC,,,,,,,,,2024-07-10
79761996911533444360,Circle S Farms Llc,79761996911533444360,Retail Production,Active,Clark,NVCCB,Nevada Cannabis Compliance Board,Adult-Use,NV,,,,,CIRCLE S FARMS LLC,,,,,,,,,2024-07-10
79806207400948405980,Nevada Medical Group Llc,79806207400948405980,Retail Cultivation,Active,Clark,NVCCB,Nevada Cannabis Compliance Board,Adult-Use,NV,,,,,NEVADA MEDICAL GROUP LLC,,,,,,,,,2024-07-10
79925795421142703661,Trnvc151 Llc,79925795421142703661,Retail Cultivation,Active,Clark,NVCCB,Nevada Cannabis Compliance Board,Adult-Use,NV,,,,,TRNVC151 LLC,,,,,,,,,2024-07-10
80395085734400669278,3Ap Inc,80395085734400669278,Retail Distributor,Active,Clark,NVCCB,Nevada Cannabis Compliance Board,Adult-Use,NV,,,,,3AP INC,,,,,,,,,2024-07-10
80476394983467584488,Nv Green Inc,80476394983467584488,Retail Cultivation,Active,Washoe,NVCCB,Nevada Cannabis Compliance Board,Adult-Use,NV,,,,,NV GREEN INC,,,,,,,,,2024-07-10
80691048813828655422,Nlvg Llc,80691048813828655422,Medical Production,Non-Operational,Clark,NVCCB,Nevada Cannabis Compliance Board,Adult-Use,NV,,,,,NLVG LLC,,,,,,,,,2024-07-10
80830710815182018092,Diversified Modalities Marketing Ltd,80830710815182018092,Retail Cultivation,Active,Clark,NVCCB,Nevada Cannabis Compliance Board,Adult-Use,NV,,,,,DIVERSIFIED MODALITIES MARKETING LTD,,,,,,,,,2024-07-10
80837442451882742542,Bccnevada Llc,80837442451882742542,Retail Production,Active,Carson City,NVCCB,Nevada Cannabis Compliance Board,Adult-Use,NV,,,,,BCCNEVADA LLC,,,,,,,,,2024-07-10
80858076313151684223,Dec Ops Nv Llc,80858076313151684223,Retail Cultivation,Active,Clark,NVCCB,Nevada Cannabis Compliance Board,Adult-Use,NV,,,,,DEC OPS NV LLC,,,,,,,,,2024-07-10
81025571831032623431,Mbnv Investments Llc,81025571831032623431,Retail Cultivation,Active,Clark,NVCCB,Nevada Cannabis Compliance Board,Adult-Use,NV,,,,,MBNV INVESTMENTS LLC,,,,,,,,,2024-07-10
81154974231636348055,Greenleaf Wellness Inc,81154974231636348055,Retail Dispensary,Active,Washoe,NVCCB,Nevada Cannabis Compliance Board,Adult-Use,NV,,,,,GREENLEAF WELLNESS INC,,,,,,,,,2024-07-10
81521595921502470043,Ma & Associates Llc,81521595921502470043,Retail Laboratory,Active,Clark,NVCCB,Nevada Cannabis Compliance Board,Adult-Use,NV,,,,,MA & ASSOCIATES LLC,,,,,,,,,2024-07-10
82173569886482063410,Vegas Valley Growers Llc,82173569886482063410,Retail Production,Active,Clark,NVCCB,Nevada Cannabis Compliance Board,Adult-Use,NV,,,,,VEGAS VALLEY GROWERS LLC,,,,,,,,,2024-07-10
82242105356156705653,Tgig Llc,82242105356156705653,Retail Cultivation,Active,Clark,NVCCB,Nevada Cannabis Compliance Board,Adult-Use,NV,,,,,TGIG LLC,,,,,,,,,2024-07-10
82463633801487221381,Qualcan Llc,82463633801487221381,Medical Cultivation,Active,Clark,NVCCB,Nevada Cannabis Compliance Board,Adult-Use,NV,,,,,QUALCAN LLC,,,,,,,,,2024-07-10
82798431024231095044,Las Vegas Natural Caregivers L.L.C.,82798431024231095044,Retail Cultivation,Active,Clark,NVCCB,Nevada Cannabis Compliance Board,Adult-Use,NV,,,,,LAS VEGAS NATURAL CAREGIVERS L.L.C.,,,,,,,,,2024-07-10
82874714255089649168,Nye Natural Medicinal Solutions Llc,82874714255089649168,Retail Cultivation,Active,Nye,NVCCB,Nevada Cannabis Compliance Board,Adult-Use,NV,,,,,NYE NATURAL MEDICINAL SOLUTIONS LLC,,,,,,,,,2024-07-10
83760475147127946601,Waveseer Of Las Vegas Llc,83760475147127946601,Retail Dispensary,Active,Clark,NVCCB,Nevada Cannabis Compliance Board,Adult-Use,NV,,,,,WAVESEER OF LAS VEGAS LLC,,,,,,,,,2024-07-10
84492500962215939022,Mj Distributing P132 Llc,84492500962215939022,Retail Production,Active,Lincoln,NVCCB,Nevada Cannabis Compliance Board,Adult-Use,NV,,,,,MJ DISTRIBUTING P132 LLC,,,,,,,,,2024-07-10
84556983876657114479,Bioneva Innovations Of Carson City Llc,84556983876657114479,Retail Cultivation,Non-Operational,Carson City,NVCCB,Nevada Cannabis Compliance Board,Adult-Use,NV,,,,,BIONEVA INNOVATIONS OF CARSON CITY LLC,,,,,,,,,2024-07-10
84716656554039635124,Euphoria Wellness Llc,84716656554039635124,Retail Dispensary,Active,Clark,NVCCB,Nevada Cannabis Compliance Board,Adult-Use,NV,,,,,EUPHORIA WELLNESS LLC,,,,,,,,,2024-07-10
85328377411031437311,Nuleaf Clv Dispensary Llc,85328377411031437311,Medical Dispensary,Non-Operational,Clark,NVCCB,Nevada Cannabis Compliance Board,Adult-Use,NV,,,,,NULEAF CLV DISPENSARY LLC,,,,,,,,,2024-07-10
85529550360873527457,Alternative Medicine Association Lc,85529550360873527457,Retail Cultivation,Active,Clark,NVCCB,Nevada Cannabis Compliance Board,Adult-Use,NV,,,,,ALTERNATIVE MEDICINE ASSOCIATION LC,,,,,,,,,2024-07-10
85577035657658637557,Cheyenne Medical Reno Rd265 Llc,85577035657658637557,Retail Dispensary,Active,Washoe,NVCCB,Nevada Cannabis Compliance Board,Adult-Use,NV,,,,,CHEYENNE MEDICAL RENO RD265 LLC,,,,,,,,,2024-07-10
86197696254559983253,Nevada Group Wellness,86197696254559983253,Retail Distributor,Active,Clark,NVCCB,Nevada Cannabis Compliance Board,Adult-Use,NV,,,,,NEVADA GROUP WELLNESS,,,,,,,,,2024-07-10
86676611642251332763,Libra Wellness Center Llc,86676611642251332763,Retail Production,Active,Clark,NVCCB,Nevada Cannabis Compliance Board,Adult-Use,NV,,,,,LIBRA WELLNESS CENTER LLC,,,,,,,,,2024-07-10
86917349659898787217,Healing Gardens Llc,86917349659898787217,Retail Cultivation,Active,Washoe,NVCCB,Nevada Cannabis Compliance Board,Adult-Use,NV,,,,,HEALING GARDENS LLC,,,,,,,,,2024-07-10
87459024312627195378,Floret Nevada Llc,87459024312627195378,Retail Production,Non-Operational,Washoe,NVCCB,Nevada Cannabis Compliance Board,Adult-Use,NV,,,,,FLORET NEVADA LLC,,,,,,,,,2024-07-10
87529746323214502953,Redwood Warehouse Llc,87529746323214502953,Retail Cultivation,Active,Clark,NVCCB,Nevada Cannabis Compliance Board,Adult-Use,NV,,,,,REDWOOD WAREHOUSE LLC,,,,,,,,,2024-07-10
88066209745143423581,Nevada Organic Remedies Llc,88066209745143423581,Retail Dispensary,Active,Washoe,NVCCB,Nevada Cannabis Compliance Board,Adult-Use,NV,,,,,NEVADA ORGANIC REMEDIES LLC,,,,,,,,,2024-07-10
88234039028324550335,Gravitas Nevada Ltd,88234039028324550335,Retail Cultivation,Active,Clark,NVCCB,Nevada Cannabis Compliance Board,Adult-Use,NV,,,,,GRAVITAS NEVADA LTD,,,,,,,,,2024-07-10
88485267558396597365,Nevada Wholesalers Llc,88485267558396597365,Retail Distributor,Active,Washoe,NVCCB,Nevada Cannabis Compliance Board,Adult-Use,NV,,,,,NEVADA WHOLESALERS LLC,,,,,,,,,2024-07-10
88853210986743836974,Nevada Organic Remedies Llc,88853210986743836974,Retail Production,Active,Clark,NVCCB,Nevada Cannabis Compliance Board,Adult-Use,NV,,,,,NEVADA ORGANIC REMEDIES LLC,,,,,,,,,2024-07-10
88979305974946506142,Bccnevada Llc,88979305974946506142,Retail Cultivation,Active,Carson City,NVCCB,Nevada Cannabis Compliance Board,Adult-Use,NV,,,,,BCCNEVADA LLC,,,,,,,,,2024-07-10
89159011597971380984,Indoor Garden Farms Llc,89159011597971380984,Retail Production,Active,Carson City,NVCCB,Nevada Cannabis Compliance Board,Adult-Use,NV,,,,,INDOOR GARDEN FARMS LLC,,,,,,,,,2024-07-10
89468956878290453653,Deep Roots Harvest Inc.,89468956878290453653,Retail Dispensary,Active,Clark,NVCCB,Nevada Cannabis Compliance Board,Adult-Use,NV,,,,,DEEP ROOTS HARVEST INC.,,,,,,,,,2024-07-10
89537461737742132623,Nevada Organic Remedies Llc,89537461737742132623,Retail Cultivation,Active,Clark,NVCCB,Nevada Cannabis Compliance Board,Adult-Use,NV,,,,,NEVADA ORGANIC REMEDIES LLC,,,,,,,,,2024-07-10
89609808832073380382,Vegas Valley Growers North Llc,89609808832073380382,Retail Distributor,Active,Clark,NVCCB,Nevada Cannabis Compliance Board,Adult-Use,NV,,,,,VEGAS VALLEY GROWERS NORTH LLC,,,,,,,,,2024-07-10
89946375130130279835,Matrix Nv Llc,89946375130130279835,Retail Cultivation,Active,Clark,NVCCB,Nevada Cannabis Compliance Board,Adult-Use,NV,,,,,MATRIX NV LLC,,,,,,,,,2024-07-10
90401540947579963618,Picksy Llc,90401540947579963618,Retail Dispensary,Active,Clark,NVCCB,Nevada Cannabis Compliance Board,Adult-Use,NV,,,,,PICKSY LLC,,,,,,,,,2024-07-10
90871747675505722966,Matrix Nv Llc,90871747675505722966,Retail Distributor,Active,Clark,NVCCB,Nevada Cannabis Compliance Board,Adult-Use,NV,,,,,MATRIX NV LLC,,,,,,,,,2024-07-10
90933499176351138997,Tryke Companies So Nv Llc,90933499176351138997,Retail Production,Active,Clark,NVCCB,Nevada Cannabis Compliance Board,Adult-Use,NV,,,,,TRYKE COMPANIES SO NV LLC,,,,,,,,,2024-07-10
91478689709272683797,Pure Tonic Concentrates Llc,91478689709272683797,Retail Distributor,Active,Washoe,NVCCB,Nevada Cannabis Compliance Board,Adult-Use,NV,,,,,PURE TONIC CONCENTRATES LLC,,,,,,,,,2024-07-10
91781014075623623744,Erp Llc,91781014075623623744,Retail Laboratory,Active,Clark,NVCCB,Nevada Cannabis Compliance Board,Adult-Use,NV,,,,,ERP LLC,,,,,,,,,2024-07-10
91945512284376080256,Las Vegas Wellness And Compassion Llc,91945512284376080256,Retail Production,Active,Clark,NVCCB,Nevada Cannabis Compliance Board,Adult-Use,NV,,,,,LAS VEGAS WELLNESS AND COMPASSION LLC,,,,,,,,,2024-07-10
92756922633355597858,Waveseer Of Las Vegas Llc,92756922633355597858,Retail Distributor,Non-Operational,Clark,NVCCB,Nevada Cannabis Compliance Board,Adult-Use,NV,,,,,WAVESEER OF LAS VEGAS LLC,,,,,,,,,2024-07-10
92992684275319542983,Range Brands Llc,92992684275319542983,Medical Cultivation,Non-Operational,Clark,NVCCB,Nevada Cannabis Compliance Board,Adult-Use,NV,,,,,RANGE BRANDS LLC,,,,,,,,,2024-07-10
93968461789695028039,Nevada Wellness Center Llc,93968461789695028039,Retail Dispensary,Active,Clark,NVCCB,Nevada Cannabis Compliance Board,Adult-Use,NV,,,,,NEVADA WELLNESS CENTER LLC,,,,,,,,,2024-07-10
94104154254817748080,800 Stillwell Llc,94104154254817748080,Retail Cultivation,Non-Operational,Washoe,NVCCB,Nevada Cannabis Compliance Board,Adult-Use,NV,,,,,800 STILLWELL LLC,,,,,,,,,2024-07-10
94529609730879618408,Southern Nevada Growers Llc,94529609730879618408,Retail Production,Active,Clark,NVCCB,Nevada Cannabis Compliance Board,Adult-Use,NV,,,,,SOUTHERN NEVADA GROWERS LLC,,,,,,,,,2024-07-10
94874395420441656510,Mm Development Company Inc,94874395420441656510,Retail Cultivation,Active,Nye,NVCCB,Nevada Cannabis Compliance Board,Adult-Use,NV,,,,,MM DEVELOPMENT COMPANY INC,,,,,,,,,2024-07-10
94990085567833686204,Clover Creek Organics Llc,94990085567833686204,Retail Cultivation,Active,Lincoln,NVCCB,Nevada Cannabis Compliance Board,Adult-Use,NV,,,,,CLOVER CREEK ORGANICS LLC,,,,,,,,,2024-07-10
95048400048491208130,Gb Sciences Las Vegas Llc,95048400048491208130,Retail Production,Active,Clark,NVCCB,Nevada Cannabis Compliance Board,Adult-Use,NV,,,,,GB SCIENCES LAS VEGAS LLC,,,,,,,,,2024-07-10
95236492630065454507,Fidelis Holdings Llc,95236492630065454507,Retail Production,Active,Clark,NVCCB,Nevada Cannabis Compliance Board,Adult-Use,NV,,,,,FIDELIS HOLDINGS LLC,,,,,,,,,2024-07-10
95291970896852649642,Natures Kindest Llc,95291970896852649642,Retail Cultivation,Active,Clark,NVCCB,Nevada Cannabis Compliance Board,Adult-Use,NV,,,,,NATURES KINDEST LLC,,,,,,,,,2024-07-10
95302683028057246767,Picksy Llc,95302683028057246767,Medical Dispensary,Non-Operational,Clark,NVCCB,Nevada Cannabis Compliance Board,Adult-Use,NV,,,,,PICKSY LLC,,,,,,,,,2024-07-10
95511225987908029386,Clear River Llc,95511225987908029386,Retail Production,Active,Clark,NVCCB,Nevada Cannabis Compliance Board,Adult-Use,NV,,,,,CLEAR RIVER LLC,,,,,,,,,2024-07-10
95697016138994411312,Silver State Cultivation Llc,95697016138994411312,Retail Cultivation,Active,Washoe,NVCCB,Nevada Cannabis Compliance Board,Adult-Use,NV,,,,,SILVER STATE CULTIVATION LLC,,,,,,,,,2024-07-10
96039018489825397587,Waveseer Of Las Vegas Llc,96039018489825397587,Retail Cultivation,Active,Clark,NVCCB,Nevada Cannabis Compliance Board,Adult-Use,NV,,,,,WAVESEER OF LAS VEGAS LLC,,,,,,,,,2024-07-10
96417488157624490728,Medical Cannabis Healing Llc,96417488157624490728,Retail Production,Active,Clark,NVCCB,Nevada Cannabis Compliance Board,Adult-Use,NV,,,,,MEDICAL CANNABIS HEALING LLC,,,,,,,,,2024-07-10
96448648950663179929,Harvest Foundation Llc The,96448648950663179929,Retail Cultivation,Suspended,Clark,NVCCB,Nevada Cannabis Compliance Board,Adult-Use,NV,,,,,HARVEST FOUNDATION LLC THE,,,,,,,,,2024-07-10
96811174139333626999,Vegas Valley Growers North Llc,96811174139333626999,Retail Production,Active,Clark,NVCCB,Nevada Cannabis Compliance Board,Adult-Use,NV,,,,,VEGAS VALLEY GROWERS NORTH LLC,,,,,,,,,2024-07-10
96822610504919713285,Tgig Llc,96822610504919713285,Retail Dispensary,Active,Nye,NVCCB,Nevada Cannabis Compliance Board,Adult-Use,NV,,,,,TGIG LLC,,,,,,,,,2024-07-10
97028286992913304766,Gti Nevada Llc,97028286992913304766,Retail Dispensary,Active,Carson City,NVCCB,Nevada Cannabis Compliance Board,Adult-Use,NV,,,,,GTI NEVADA LLC,,,,,,,,,2024-07-10
97059765338438920065,Waveseer Of Las Vegas Llc,97059765338438920065,Medical Production,Non-Operational,Clark,NVCCB,Nevada Cannabis Compliance Board,Adult-Use,NV,,,,,WAVESEER OF LAS VEGAS LLC,,,,,,,,,2024-07-10
97595215455267957025,Dep Ops Nv Llc,97595215455267957025,Retail Distributor,Non-Operational,Clark,NVCCB,Nevada Cannabis Compliance Board,Adult-Use,NV,,,,,DEP OPS NV LLC,,,,,,,,,2024-07-10
98430516431235510618,Nevada Natural Medicines Llc,98430516431235510618,Retail Production,Non-Operational,Nye,NVCCB,Nevada Cannabis Compliance Board,Adult-Use,NV,,,,,NEVADA NATURAL MEDICINES LLC,,,,,,,,,2024-07-10
98838912295560620335,Nabisix Llc,98838912295560620335,Retail Distributor,Active,Clark,NVCCB,Nevada Cannabis Compliance Board,Adult-Use,NV,,,,,NABISIX LLC,,,,,,,,,2024-07-10
98843691805539755867,Nevada Pure Llc,98843691805539755867,Retail Distributor,Active,Clark,NVCCB,Nevada Cannabis Compliance Board,Adult-Use,NV,,,,,NEVADA PURE LLC,,,,,,,,,2024-07-10
99035327095322531299,Lvc D Llc,99035327095322531299,Retail Distributor,Active,Clark,NVCCB,Nevada Cannabis Compliance Board,Adult-Use,NV,,,,,LVC D LLC,,,,,,,,,2024-07-10
99035327095322531323,Acres Dispensary Llc,99035327095322531323,Retail Dispensary,Active,White Pine,NVCCB,Nevada Cannabis Compliance Board,Adult-Use,NV,,,,,ACRES DISPENSARY LLC,,,,,,,,,2024-07-10
99035327095322531329,Acres Medical Llc,99035327095322531329,Retail Distributor,Active,Clark,NVCCB,Nevada Cannabis Compliance Board,Adult-Use,NV,,,,,ACRES MEDICAL LLC,,,,,,,,,2024-07-10
99035327095322531330,Caliente Development Company Llc,99035327095322531330,Retail Cultivation,Non-Operational,Lincoln,NVCCB,Nevada Cannabis Compliance Board,Adult-Use,NV,,,,,CALIENTE DEVELOPMENT COMPANY LLC,,,,,,,,,2024-07-10
99035327095322531331,Caliente Development Company Llc,99035327095322531331,Retail Production,Non-Operational,Lincoln,NVCCB,Nevada Cannabis Compliance Board,Adult-Use,NV,,,,,CALIENTE DEVELOPMENT COMPANY LLC,,,,,,,,,2024-07-10
99035327095322531357,H & K Growers Corp,99035327095322531357,Retail Cultivation,Active,Elko,NVCCB,Nevada Cannabis Compliance Board,Adult-Use,NV,,,,,H & K GROWERS CORP,,,,,,,,,2024-07-10
99035327095322531359,Nevada Medical Group Llc,99035327095322531359,Retail Distributor,Active,Clark,NVCCB,Nevada Cannabis Compliance Board,Adult-Use,NV,,,,,NEVADA MEDICAL GROUP LLC,,,,,,,,,2024-07-10
99035327095322531360,Compassionate Team Of Las Vegas Llc,99035327095322531360,Retail Cultivation,Active,Clark,NVCCB,Nevada Cannabis Compliance Board,Adult-Use,NV,,,,,COMPASSIONATE TEAM OF LAS VEGAS LLC,,,,,,,,,2024-07-10
99035327095322531382,Alternative Medicine Association Lc,99035327095322531382,Retail Distributor,Active,Clark,NVCCB,Nevada Cannabis Compliance Board,Adult-Use,NV,,,,,ALTERNATIVE MEDICINE ASSOCIATION LC,,,,,,,,,2024-07-10
99035327095322531387,Pure Growers Llc,99035327095322531387,Retail Cultivation,Active,Lander,NVCCB,Nevada Cannabis Compliance Board,Adult-Use,NV,,,,,PURE GROWERS LLC,,,,,,,,,2024-07-10
99035327095322531388,Pure Growers Llc,99035327095322531388,Retail Production,Active,Lander,NVCCB,Nevada Cannabis Compliance Board,Adult-Use,NV,,,,,PURE GROWERS LLC,,,,,,,,,2024-07-10
99035327095322531389,Euphoria Wellness Llc,99035327095322531389,Retail Distributor,Active,Clark,NVCCB,Nevada Cannabis Compliance Board,Adult-Use,NV,,,,,EUPHORIA WELLNESS LLC,,,,,,,,,2024-07-10
99035327095322531392,Rural Remedies Llc,99035327095322531392,Retail Cultivation,Non-Operational,Lander,NVCCB,Nevada Cannabis Compliance Board,Adult-Use,NV,,,,,RURAL REMEDIES LLC,,,,,,,,,2024-07-10
99035327095322531393,Rural Remedies Llc,99035327095322531393,Retail Production,Non-Operational,Lander,NVCCB,Nevada Cannabis Compliance Board,Adult-Use,NV,,,,,RURAL REMEDIES LLC,,,,,,,,,2024-07-10
99035327095322531407,Miller Farms Llc,99035327095322531407,Retail Cultivation,Active,Humboldt,NVCCB,Nevada Cannabis Compliance Board,Adult-Use,NV,,,,,MILLER FARMS LLC,,,,,,,,,2024-07-10
99035327095322531408,Natural Medicine Llc,99035327095322531408,Retail Distributor,Active,Clark,NVCCB,Nevada Cannabis Compliance Board,Adult-Use,NV,,,,,NATURAL MEDICINE LLC,,,,,,,,,2024-07-10
99035327095322531410,Dune Operating Holdings Llc,99035327095322531410,Retail Cultivation,Active,Clark,NVCCB,Nevada Cannabis Compliance Board,Adult-Use,NV,,,,,DUNE OPERATING HOLDINGS LLC,,,,,,,,,2024-07-10
99035327095322531413,Nuleaf Clv Dispensary Llc,99035327095322531413,Retail Dispensary,Active,Clark,NVCCB,Nevada Cannabis Compliance Board,Adult-Use,NV,,,,,NULEAF CLV DISPENSARY LLC,,,,,,,,,2024-07-10
99035327095322531415,Polaris Wellness Center Llc,99035327095322531415,Retail Distributor,Active,Clark,NVCCB,Nevada Cannabis Compliance Board,Adult-Use,NV,,,,,POLARIS WELLNESS CENTER LLC,,,,,,,,,2024-07-10
99035327095322531417,Silver Sage Wellness Llc,99035327095322531417,Retail Distributor,Active,Clark,NVCCB,Nevada Cannabis Compliance Board,Adult-Use,NV,,,,,SILVER SAGE WELLNESS LLC,,,,,,,,,2024-07-10
99035327095322531421,West118 Investments Llc,99035327095322531421,Retail Cultivation,Active,Lyon,NVCCB,Nevada Cannabis Compliance Board,Adult-Use,NV,,,,,WEST118 INVESTMENTS LLC,,,,,,,,,2024-07-10
99035327095322531422,West118 Investments Llc,99035327095322531422,Retail Production,Active,Lyon,NVCCB,Nevada Cannabis Compliance Board,Adult-Use,NV,,,,,WEST118 INVESTMENTS LLC,,,,,,,,,2024-07-10
99035327095322531424,Wellness Connection Of Nevada Llc,99035327095322531424,Retail Production,Active,Clark,NVCCB,Nevada Cannabis Compliance Board,Adult-Use,NV,,,,,WELLNESS CONNECTION OF NEVADA LLC,,,,,,,,,2024-07-10
99035327095322531433,Deep Roots Harvest Inc,99035327095322531433,Retail Distributor,Active,Clark,NVCCB,Nevada Cannabis Compliance Board,Adult-Use,NV,,,,,DEEP ROOTS HARVEST INC,,,,,,,,,2024-07-10
99035327095322531435,Mm Development Company Inc,99035327095322531435,Retail Lounge,Active,Clark,NVCCB,Nevada Cannabis Compliance Board,Adult-Use,NV,,,,,MM DEVELOPMENT COMPANY INC,,,,,,,,,2024-07-10
99035327095322531436,Cheyenne Medical Sammy Davis Rd263 Llc,99035327095322531436,Retail Lounge,Active,Clark,NVCCB,Nevada Cannabis Compliance Board,Adult-Use,NV,,,,,CHEYENNE MEDICAL SAMMY DAVIS RD263 LLC,,,,,,,,,2024-07-10
99035327095322531454,International Service And Rebuilding Inc,99035327095322531454,Retail Cultivation,Active,Lyon,NVCCB,Nevada Cannabis Compliance Board,Adult-Use,NV,,,,,INTERNATIONAL SERVICE AND REBUILDING INC,,,,,,,,,2024-07-10
99035327095322531455,International Service And Rebuilding Inc,99035327095322531455,Retail Production,Active,Lyon,NVCCB,Nevada Cannabis Compliance Board,Adult-Use,NV,,,,,INTERNATIONAL SERVICE AND REBUILDING INC,,,,,,,,,2024-07-10
99035327095322531456,Moms Meds Management L.L.C.,99035327095322531456,Retail Cultivation,Active,Mineral,NVCCB,Nevada Cannabis Compliance Board,Adult-Use,NV,,,,,MOMS MEDS MANAGEMENT L.L.C.,,,,,,,,,2024-07-10
99035327095322531457,Moms Meds Management L.L.C.,99035327095322531457,Retail Production,Active,Mineral,NVCCB,Nevada Cannabis Compliance Board,Adult-Use,NV,,,,,MOMS MEDS MANAGEMENT L.L.C.,,,,,,,,,2024-07-10
99035327095322531458,Ftlb Llc,99035327095322531458,Retail Cultivation,Active,Esmeralda,NVCCB,Nevada Cannabis Compliance Board,Adult-Use,NV,,,,,FTLB LLC,,,,,,,,,2024-07-10
99035327095322531459,Ftlb Llc,99035327095322531459,Retail Production,Active,Esmeralda,NVCCB,Nevada Cannabis Compliance Board,Adult-Use,NV,,,,,FTLB LLC,,,,,,,,,2024-07-10
99035327095322531464,Bayou Buds Llc,99035327095322531464,Retail Cultivation,Non-Operational,Clark,NVCCB,Nevada Cannabis Compliance Board,Adult-Use,NV,,,,,BAYOU BUDS LLC,,,,,,,,,2024-07-10
99035327095322531465,Healing Gardens Llc,99035327095322531465,Retail Cultivation,Non-Operational,Washoe,NVCCB,Nevada Cannabis Compliance Board,Adult-Use,NV,,,,,HEALING GARDENS LLC,,,,,,,,,2024-07-10
99035327095322531466,Sensible Edibles Llc,99035327095322531466,Retail Production,Non-Operational,Washoe,NVCCB,Nevada Cannabis Compliance Board,Adult-Use,NV,,,,,SENSIBLE EDIBLES LLC,,,,,,,,,2024-07-10
99035327095322531467,800 Stillwell Llc,99035327095322531467,Retail Production,Active,Washoe,NVCCB,Nevada Cannabis Compliance Board,Adult-Use,NV,,,,,800 STILLWELL LLC,,,,,,,,,2024-07-10
99239503170358118250,Global Harmony Llc,99239503170358118250,Retail Cultivation,Active,Clark,NVCCB,Nevada Cannabis Compliance Board,Adult-Use,NV,,,,,GLOBAL HARMONY LLC,,,,,,,,,2024-07-10
99935327095322531205,Nv Cann Labs Llc,99935327095322531205,Retail Laboratory,Active,Clark,NVCCB,Nevada Cannabis Compliance Board,Adult-Use,NV,,,,,NV CANN LABS LLC,,,,,,,,,2024-07-10
